,Unnamed: 0,id,turn,message,message_clean,topic,topic_label,tfidf_score,deviance,is_question,is_question_score,gold_score
21076,53024,11f28a6a-b779-41d3-84b2-ea1ede3492fe,5,What's my Account Number?,account number,topic #33,"account number, number, account, checking account, savings account, phone",1.6922304345384300,-0.07294191043576800,1,1.0,1
15441,39064,ffab9809-35de-4c0b-84b8-ad799e8842f2,1,Consolidation loan,consolidation loan,topic #2,"loan, car, car loan, personal, personal loan, loan payment",1.6286402638600800,-0.13653208111412300,0,0.9963344777795810,0
7828,19911,434c9307-2b7c-4af5-b391-0da8d6bfea4c,27,How do I contact you?,contact,topic #4,"contact, contact information, change contact, contact info, information, someone",1.0,-0.7651723449741990,1,1.0,1
9083,23061,f17f8964-66e2-4620-b3d4-fd827ba1ae2c,2,What are your hours?,hour,topic #3,"hour, drive, branch hour, branch, business, lobby",1.0,-0.7651723449741990,1,0.9,1
13245,33482,b13cee54-b7fe-42f3-b8e9-d14aa57cec72,1,I’m a member and am interested in your money market funds. I don’t want monthly activity requirements and the ability to put in over $25K. What are my options?,member interested money market fund monthly activity requirement ability put $ 25k. option,topic #40,"money, transfer money, market, money market, transfer, market account",3.2679215464070800,1.5027492014328800,0,0.9,1
22143,55667,0adcff56-cedd-43db-a426-2c59af957b3e,5,How do I skip a loan payment?,skip loan payment,topic #25,"payment, make, loan payment, make loan, skip, skip payment",2.1404153701921700,0.37524302521796900,1,1.0,1
3635,9331,50b9f8c9-f978-41e8-9227-d50d09a276d2,1,What can this thing do?,thing,topic #6,"thing, type, zelle, enter, expedite title, expedite",1.0,-0.7651723449741990,1,1.0,1
26427,66380,3189197f-6d75-40da-b4bd-51d69c87b0d1,1,I am trying to use my VISA card online and it is being rejected. I have never had a problem with it in the past. HELP!!,try use visa card online reject never problem past,topic #34,"atm, use, atm use, limit, use atm, cash",3.221667323990660,1.4564949790164600,0,0.8,0
29096,72841,e40fb687-55d8-4072-9c3a-6776442f7b84,1,flash202,flash202,topic #0,"talk real, talk, real person, real, person, human",0.0,-1.7651723449742000,0,0.9963344777795810,0
27252,68362,9d637ae9-d25c-418c-8cf3-f0fb32877ee1,1,What hours are you open,hour open,topic #3,"hour, drive, branch hour, branch, business, lobby",1.4134556748735000,-0.3517166701006980,1,0.9,1
13791,34859,17ef7e59-02a3-4634-a28e-096e78711336,3,There are no savings rates to click on,saving rate click,topic #44,"saving, checking, saving account, checking account, account, open checking",1.4040211679971800,-0.36115117697701800,0,1.0,0
25709,64610,b1f46352-1e05-4a5e-b207-4460fd35cf0f,1,I want to talk to a real person.,talk real person,topic #0,"talk real, talk, real person, real, person, human",2.2343035330802700,0.4691311881060730,0,0.8,0
5429,13939,08e53514-5aef-489a-8d6b-cdbb3be6a5b0,1,Card not working,card work,topic #19,"card, debit, debit card, new, new debit, replacement",1.6791422911349600,-0.08603005383924070,0,0.5990228013029320,0
3036,7806,fbe54ebe-332b-459a-b5ae-ccb9ead7e356,1,How do I contact you?,contact,topic #4,"contact, contact information, change contact, contact info, information, someone",1.0,-0.7651723449741990,1,1.0,1
14561,36847,37631d9d-6b69-45e0-a709-b0a75f80cd6f,3,What's the check-hold policy?,check hold policy,topic #12,"check, check account, cashier check, cashier, check balance, deposit check",2.1857296525771500,0.4205573076029510,1,1.0,1
13127,33176,75b17eb5-1108-4553-9040-753955286b10,3,I need help from an agent,agent,topic #1,"agent, speak, talk, live, please, question",1.0,-0.7651723449741990,0,0.5,0
12445,31429,b980d460-b13e-4bc0-8397-8c9558a6fab4,7,boo,boo,topic #0,"talk real, talk, real person, real, person, human",0.0,-1.7651723449742000,0,0.9963344777795810,0
24199,60779,9e4c9c2f-5f6c-4ea8-b95b-f4f3a26b2c30,1,I want to talk to a real person.,talk real person,topic #0,"talk real, talk, real person, real, person, human",2.2343035330802700,0.4691311881060730,0,0.8,0
33393,83208,08387905-51dd-4afe-9821-f4f04aef1520,3,Want to set up online banking,set online banking,topic #18,"online, online banking, banking, log online, account online, online account",2.2005195556368200,0.4353472106626240,0,0.6,0
29501,73809,da905e03-0f64-4d98-953a-ede582c33b96,1,Set up online account for my credit card payments ,set online account credit card payment,topic #9,"credit card, card, credit, know, know credit, apply credit",3.0349773492398600,1.269805004265660,0,0.8983590406530410,0
10579,26756,ae1525c9-0f36-485d-a14d-7283f6264ce5,1,name change,name change,topic #48,"pin, change, change pin, address, find, card pin",1.4080251830366300,-0.35714716193757100,1,0.7009771986970680,0
23502,58999,3ec68f87-a380-4f09-b9d7-c5e88adae078,3,Speak to a real person,speak real person,topic #15,"person, real, real person, speak, chat, live person",1.9017625547795300,0.13659020980533400,0,0.6,0
27025,67822,26095bc5-de20-4cad-8c89-3dc36b421c8f,5,Contact info,contact info,topic #28,"info, contact info, contact, account info, update account, update",1.7198680447744900,-0.04530430019970470,0,0.8977107339539980,0
14898,37703,6e223dc6-3018-4c89-8112-8eaad72a9e8d,1,I want to talk to a real person.,talk real person,topic #0,"talk real, talk, real person, real, person, human",2.2343035330802700,0.4691311881060730,0,0.8,0
22351,56174,7ce8bca9-4e7b-4366-b795-04921f32c59e,1,How do I contact you?,contact,topic #4,"contact, contact information, change contact, contact info, information, someone",1.0,-0.7651723449741990,1,1.0,1
6467,16584,f515770f-d2d7-44a9-bfb6-fe2870f40756,1,mortgage preaproval,mortgage preaproval,topic #27,"mortgage, mortgage rate, mortgage loan, refinance mortgage, mortgage refinance, current mortgage",1.0,-0.7651723449741990,0,0.9963344777795810,0
31485,78581,ef576614-8b21-4afc-9acb-7588a218a397,7,application loan link does not work,application loan link work,topic #35,"application, status, status loan, loan application, check status, loan",1.9258081743537700,0.16063582937956900,1,0.6,0
10507,26578,5b5aebc1-df43-4eae-b453-e3fa3709660d,3,What if I can't make my loan payments?,make loan payment,topic #25,"payment, make, loan payment, make loan, skip, skip payment",2.182441008014460,0.4172686630402630,1,1.0,1
11202,28319,9a511a39-91f4-423c-8bbf-fe075b6fec51,3,How do I log in to online banking?,log online banking,topic #18,"online, online banking, banking, log online, account online, online account",2.21948550385759,0.4543131588833920,1,1.0,1
16653,42099,f1259d5b-70e7-4a30-835b-fa2adb7e4fef,3,Checking account for children,check account child,topic #12,"check, check account, cashier check, cashier, check balance, deposit check",2.1146926599297700,0.34952031495556700,0,0.6990228013029320,0
16038,40539,5ff1bea6-2684-45f8-8adb-b61a83220f88,1,do i have to be a member to get a loan?,member loan,topic #2,"loan, car, car loan, personal, personal loan, loan payment",1.4024132033641800,-0.3627591416100200,1,0.9,1
32872,81954,35b6e8ec-e1d9-4b27-a35b-bdea84cc8af5,5,I really need to talk to someone in person,really talk someone person,topic #0,"talk real, talk, real person, real, person, human",2.1069434391328500,0.3417710941586520,0,0.5,0
6721,17223,2c78fe6b-37f7-489c-9d06-c1f1c9339f52,5,I don't know my User ID,know user id,topic #9,"credit card, card, credit, know, know credit, apply credit",1.98610657228248,0.2209342273082820,0,0.9983590406530410,0
28843,72230,f995b530-fb97-420d-9c96-a051db5ae880,3,Log in,log,topic #10,"log, log online, log account, try log, trouble, unable",1.0,-0.7651723449741990,0,0.8,0
1962,4996,f9898f41-c38d-4f02-84fd-771a14cddb4a,1,agent,agent,topic #1,"agent, speak, talk, live, please, question",1.0,-0.7651723449741990,0,0.9963344777795810,0
4362,11195,d18f6061-ec28-4348-90b6-ad030a4d2f0a,9,Speak w representative,speak w representative,topic #15,"person, real, real person, speak, chat, live person",1.4117146875329100,-0.3534576574412850,1,0.6019635399921210,0
4282,10990,1b9f933c-b5fa-4247-9952-314a2996df8d,2,What are your CD rates,cd rate,topic #11,"rate, interest, interest rate, mortgage rate, current, loan rate",1.6825647438217200,-0.08260760115247990,1,0.9,1
13711,34661,d18f6061-ec28-4348-90b6-ad030a4d2f0a,1,I want to talk to a real person.,talk real person,topic #0,"talk real, talk, real person, real, person, human",2.2343035330802700,0.4691311881060730,0,0.8,0
698,1786,9663abaa-0033-46ba-a791-de281b292b9a,1,How do I contact you?,contact,topic #4,"contact, contact information, change contact, contact info, information, someone",1.0,-0.7651723449741990,1,1.0,1
4836,12401,c35577a7-5b1b-42ff-be23-296d67dc9d8f,1,I want to talk to a real person.,talk real person,topic #0,"talk real, talk, real person, real, person, human",2.2343035330802700,0.4691311881060730,0,0.8,0
16135,40786,b34515a9-e1c1-4374-a38b-fd2cb1f7e310,2,Changing flights booked with points,change flight book point,topic #45,"point, reward, reward point, redeem, use, redeem point",1.6942578307807800,-0.0709145141934211,0,0.7,0
21962,55221,b6e91b5c-ea0e-419a-a921-8230177e33a4,1,online banking is not working,online banking work,topic #18,"online, online banking, banking, log online, account online, online account",1.9933185503656600,0.22814620539145900,1,0.5009771986970680,0
15912,40225,c762e6f0-ad5c-49ec-8928-a421406db644,7,I started an application and saved it. How can I find it,start application save find,topic #35,"application, status, status loan, loan application, check status, loan",1.976440790551020,0.21126844557682100,1,0.6,1
32933,82097,abd29f0b-22fc-4447-9d74-f23572378e46,3,Branch/ATM locations,branch / atm location,topic #14,"branch, branch atm, atm, location, atm location, branch open",2.222951311313420,0.4577789663392170,0,0.8963344777795810,0
27782,69653,e5e24244-9985-4be9-9ed4-b858a6a7e8d2,1,I need to withdraw money from my account,withdraw money account,topic #40,"money, transfer money, market, money market, transfer, market account",2.140716199789510,0.3755438548153110,1,0.8,0
9323,23654,ae26c98e-0068-440b-8312-1d1fd66e8301,1,DIFFERENCE BETWEEN MEMBERSHIP SAVINGS ACCOUNT AND SHARES II SAVINGS?,difference membership saving account shares ii saving,topic #44,"saving, checking, saving account, checking account, account, open checking",2.093954658235610,0.3287823132614070,0,0.8993506493506500,0
20099,50581,f5630f61-6a89-4b4a-962d-098f8cf74889,1,What is a jumbo,jumbo,topic #0,"talk real, talk, real person, real, person, human",0.0,-1.7651723449742000,1,0.9,1
31592,78838,d2870a2f-17f9-4a0e-94e6-23c1cd6bfb82,1,How long does my credit card start working again? ,long credit card start work,topic #9,"credit card, card, credit, know, know credit, apply credit",2.3949372991619100,0.6297649541877160,1,0.7,1
3651,9372,c7fa51af-168e-43a0-a99c-a5726ca7e007,1,I want to talk to a real person.,talk real person,topic #0,"talk real, talk, real person, real, person, human",2.2343035330802700,0.4691311881060730,0,0.8,0
15264,38635,ed02b229-0e33-4608-8647-64dfd6cd6c78,1,How can I buy plane tickets with my points?,buy plane ticket point,topic #45,"point, reward, reward point, redeem, use, redeem point",1.4085012914372400,-0.3566710535369550,1,0.8,1
24103,60530,8d1b91ad-f28e-4bd0-a168-afc1f1fb3844,5,I want to talk to a real person.,talk real person,topic #0,"talk real, talk, real person, real, person, human",2.2343035330802700,0.4691311881060730,0,0.8,0
7153,18257,98f69582-6ac2-4ff3-b0a9-bdd37e74b535,1,Cashing my points,cash point,topic #45,"point, reward, reward point, redeem, use, redeem point",1.41417494361112,-0.3509974013630790,0,0.9963344777795810,0
30958,77314,0a3faeff-2c6b-4074-bea3-0f9d9c58b13e,1,I would like to see my account online. Thanks,see account online thank,topic #21,"thank, ok, ok thank, nothing, okay, look",2.177340088473440,0.41216774349924300,1,0.6,0
23213,58290,afcee1ef-f1f1-495d-a045-5cb785e50ada,1,Is this a real person?,real person,topic #15,"person, real, real person, speak, chat, live person",1.732009839950570,-0.03316250502363240,0,0.8,1
26419,66360,f803ecab-afcd-4e7f-b9ee-cbf4b6efc141,5,dose that stop payments too?,dose stop payment,topic #25,"payment, make, loan payment, make loan, skip, skip payment",1.6923680666606100,-0.07280427831358540,0,0.7996763754045310,1
27535,69053,dc08b6e3-8d9b-49ea-9a6b-f13373abba1a,7,Log in,log,topic #10,"log, log online, log account, try log, trouble, unable",1.0,-0.7651723449741990,0,0.8,0
20681,52026,93bda27e-ebc3-4553-a03a-a53a0296ec64,3,I’m still stuck,still stick,topic #47,"bank, statement, bank statement, bank account, bank card, transfer",1.0,-0.7651723449741990,0,0.9966746138340030,0
1632,4171,e9c7ebe2-8c91-48a9-886d-4764aad919b2,5,posh,posh,topic #0,"talk real, talk, real person, real, person, human",0.0,-1.7651723449742000,0,0.9963344777795810,0
7103,18129,c5aa7487-7b1f-43eb-8244-0df003f4bbd7,3,I want to know more about your credit cards.,know credit card,topic #9,"credit card, card, credit, know, know credit, apply credit",2.1802154577434100,0.4150431127692080,1,0.7,0
6604,16925,9a601268-3497-4082-93f7-64b0770ebb74,9,How do I make changes to my title?,make change title,topic #48,"pin, change, change pin, address, find, card pin",2.186634242183100,0.4214618972089060,1,1.0,1
14737,37296,31a7be9d-ebaf-4e48-9721-7c79227adeb6,1,Do i have enough points to reverse a over draft fee?,enough point reverse draft fee,topic #45,"point, reward, reward point, redeem, use, redeem point",1.956135963538420,0.1909636185642240,1,0.8,1
6608,16934,71478aa0-1d0a-4088-ba4b-2f3cddd3983c,3,fees,fee,topic #20,"transfer, wire, wire transfer, international, domestic, international wire",1.0,-0.7651723449741990,0,0.9963344777795810,0
10439,26407,321f0e31-2e26-484c-902a-2a0420d88840,3,100 homestead road apt 9 mankato MN <NUMERICAL>,100 homestead road apt 9 mankato mn < numerical >,topic #0,"talk real, talk, real person, real, person, human",1.721078258468090,-0.04409408650610640,0,0.8982980177717020,0
23347,58612,802a6219-1e6c-44a4-b05e-01cb780c5a5b,1,What can this thing do?,thing,topic #6,"thing, type, zelle, enter, expedite title, expedite",1.0,-0.7651723449741990,1,1.0,1
22734,57114,0feda7ec-d6fc-4a32-9e6f-2b3c29b3fc31,5,When is the Roseville Branch drive up window open?? Thank you,roseville branch drive window open thank,topic #21,"thank, ok, ok thank, nothing, okay, look",2.747446643994510,0.9822742990203090,1,0.7009771986970680,1
31440,78473,12333d6e-a2bb-453c-b934-5be00ba66c6c,27,what is your name?,name,topic #48,"pin, change, change pin, address, find, card pin",1.0,-0.7651723449741990,1,1.0,1
16155,40840,149bf267-10ce-462c-8a4c-94ad7caae277,1,What can this thing do?,thing,topic #6,"thing, type, zelle, enter, expedite title, expedite",1.0,-0.7651723449741990,1,1.0,1
13620,34420,85b3d276-95fb-4d56-ab82-3dc4952b612a,1,I qualified with you guys for an auto loan. I am now looking at buying from a private party. What are the next steps? How long before I have to get the title to you? The party I am buying from has to pay off their loan and then they will get the title. Please advise..,qualify guy auto loan look buy private party next step long title party buy pay loan title please advise,topic #32,"auto, auto loan, refinance auto, pay auto, apply auto, payoff",3.42767606136328,1.6625037163890800,0,1.0,0
8297,21081,e9335cea-044e-4274-82da-fe444a208146,1,How do I contact you?,contact,topic #4,"contact, contact information, change contact, contact info, information, someone",1.0,-0.7651723449741990,1,1.0,1
22332,56129,30d82232-db77-4ea1-a6b8-2a7025fd7eee,3,How do I refinance?,refinance,topic #22,"refinance, refinance rate, refinance information, information, refinance mortgage, car",1.0,-0.7651723449741990,1,1.0,1
22676,56973,e399b31c-d079-4bc3-8a0d-a396c63b1afd,11,Can't log in,log,topic #10,"log, log online, log account, try log, trouble, unable",1.0,-0.7651723449741990,1,0.7,0
17284,43674,2d929c48-1d92-4a48-aefe-d029ced749f6,9,What's my Member Number?,member number,topic #24,"member number, member, number, find member, find, transfer member",1.7111330934378500,-0.05403925153634620,1,0.9,1
32335,80654,58ab44bc-b792-45b0-a216-d88a335398c2,1,Hello. I lost my debit card. I called the lost card number last night to report it. They told me to call you all in the morning.,lose debit card call lost card number last night report tell call morning,topic #19,"card, debit, debit card, new, new debit, replacement",3.3431617707243600,1.5779894257501600,0,0.7,0
4602,11815,3fe1ba68-b062-463f-98d0-5a3f3d00f3bc,1,What are your hours?,hour,topic #3,"hour, drive, branch hour, branch, business, lobby",1.0,-0.7651723449741990,1,0.9,1
22416,56334,527ebcb0-2867-4e81-b8b5-2912e6756cec,3,When do stimulus checks get in?,stimulus check,topic #12,"check, check account, cashier check, cashier, check balance, deposit check",1.6693930060335700,-0.09577933894062830,1,1.0,1
3315,8505,3733e794-1899-4ad0-802c-5994bff92d56,3,how do I find out if someone deposited my check into their account?,find someone deposit check account,topic #26,"deposit, deposit check, mobile, mobile deposit, phone, direct",2.5934640707019900,0.8282917257277940,1,0.9,1
25439,63934,0ececad7-2166-4b9d-b8f1-fc3a405ad0cf,6,nce,nce,topic #0,"talk real, talk, real person, real, person, human",0.0,-1.7651723449742000,0,0.9963344777795810,0
22712,57061,fda8470e-00cc-431d-9dd8-3dea24dfdec9,1,Is this a real person?,real person,topic #15,"person, real, real person, speak, chat, live person",1.732009839950570,-0.03316250502363240,0,0.8,1
4580,11752,c7c3bc27-8e5a-4236-96e8-5700954b07ed,1,Skip a payment,skip payment,topic #25,"payment, make, loan payment, make loan, skip, skip payment",1.7087188208063400,-0.056453524167860800,0,0.9963344777795810,0
21041,52936,b0fbe0d6-b6df-470a-a42e-4886bfebcf21,3,How do I contact you?,contact,topic #4,"contact, contact information, change contact, contact info, information, someone",1.0,-0.7651723449741990,1,1.0,1
16125,40758,d24e7442-e06d-45d5-81e2-b8b70ba511a5,1,Verified by visa,verify visa,topic #36,"pay, bill, bill pay, pay loan, much, pay bill",1.410373457160450,-0.3547988878137510,0,0.9996763754045310,0
7018,17920,2c8d7310-cc47-4443-b76d-c17b32d5f8ee,3,No,no,topic #17,"no, help, need, need help, you, ever",1.0,-0.7651723449741990,0,1.0,0
5988,15365,25a893af-75ab-4e53-a7e2-13d9606cf79a,1,fax # to fraud department,fax # fraud department,topic #19,"card, debit, debit card, new, new debit, replacement",1.7244451919260400,-0.04072715304815430,0,0.9,0
8654,21973,9038d376-9a25-461e-80ec-5db5a5ac78e1,1,Do I need to be a member to apply for a equity loan?,member apply equity loan,topic #49,"home, home loan, equity, home equity, line, line credit",2.133707908020340,0.3685355630461380,1,0.9,1
5494,14106,6d47c99d-7861-4ea0-8b9a-d5ee6e47dceb,1,agent,agent,topic #1,"agent, speak, talk, live, please, question",1.0,-0.7651723449741990,0,0.9963344777795810,0
22245,55918,94925793-87f9-4a24-9bee-2d7a490c38ef,3,Is this a real person?,real person,topic #15,"person, real, real person, speak, chat, live person",1.732009839950570,-0.03316250502363240,0,0.8,1
26720,67076,741238fa-d945-4385-9deb-1654cdd0c826,7,that login and temporary password didn't work,login temporary password work,topic #29,"digital, digital banking, lock, password, banking, password lock",1.7302482485890800,-0.034924096385113600,0,0.8,0
13636,34466,1b9f933c-b5fa-4247-9952-314a2996df8d,4,What are your cd rates,cd rate,topic #11,"rate, interest, interest rate, mortgage rate, current, loan rate",1.6825647438217200,-0.08260760115247990,1,0.9,1
29604,74070,485c3069-a86e-4dfd-812b-ee4680a06b92,5,Report Fraud,report fraud,topic #19,"card, debit, debit card, new, new debit, replacement",1.7299346069876000,-0.03523773798659870,0,0.8966570584247430,0
28642,71736,f5c8e6ef-7da9-4d36-b44d-6b15fc2d5646,3,View transactions,view transaction,topic #47,"bank, statement, bank statement, bank account, bank card, transfer",1.714599763560210,-0.050572581413986600,0,0.8966581023750510,0
24256,60929,683fb4a9-4136-4fdb-add9-5604458fea5e,1,I want to talk to a real person.,talk real person,topic #0,"talk real, talk, real person, real, person, human",2.2343035330802700,0.4691311881060730,0,0.8,0
19868,50030,e88de9d5-c23e-40c1-ad27-85e0b0a555d0,1,What is your ABA number?,aba number,topic #33,"account number, number, account, checking account, savings account, phone",1.0,-0.7651723449741990,1,0.8,1
31320,78182,b1305ece-8947-4316-a025-ca1f0170c251,1,Stop and automatic debit ,stop automatic debit,topic #19,"card, debit, debit card, new, new debit, replacement",1.7126377989160500,-0.05253454605815170,0,0.7,0
8710,22113,528ac420-eaed-4453-91fb-0d5307e12f16,1,security questions,security question,topic #41,"affinity, plus, affinity plus, offer, plus account, external",1.7208690155684100,-0.04430332940579330,0,0.7980364600078790,0
13684,34595,7f207a49-53cc-421b-8045-3e1ae31a22e2,1,I need to talk to the solutions department ,talk solution department,topic #0,"talk real, talk, real person, real, person, human",1.3194895513380700,-0.4456827936361310,0,0.5,0
22461,56444,9f699951-995d-4804-b135-d9f5b4c7c063,1,Credit card increase,credit card increase,topic #9,"credit card, card, credit, know, know credit, apply credit",1.9479881333577500,0.1828157883835480,0,0.5983734506535810,0
16670,42141,42777cc7-16a5-4a94-8b70-8267b3c40467,3,How do I deposit a check from my phone?,deposit check phone,topic #26,"deposit, deposit check, mobile, mobile deposit, phone, direct",2.1845209811244600,0.4193486361502630,1,1.0,1
4753,12205,8ec26f0c-0acf-4f7d-847b-a04561049240,3,gift card ,gift card,topic #19,"card, debit, debit card, new, new debit, replacement",1.6789626525503000,-0.08620969242390180,0,0.8980364600078790,0
23285,58461,12cffe23-7924-4592-974c-fa037c8b87f7,15,i want to log in,log,topic #10,"log, log online, log account, try log, trouble, unable",1.0,-0.7651723449741990,1,0.6,0
30709,76721,8a97ce60-8e5a-4230-a219-3ece03257545,7,I can't remember my member number ,remember member number,topic #24,"member number, member, number, find member, find, transfer member",1.9431503105758200,0.17797796560162200,0,0.5,0
13525,34183,fe40f7da-6686-4c44-b0bf-4f81540c77e5,1,agent,agent,topic #1,"agent, speak, talk, live, please, question",1.0,-0.7651723449741990,0,0.9963344777795810,0
4991,12813,5c585156-b5ca-4aea-a201-7d0e748bb7fe,1,Agent,agent,topic #1,"agent, speak, talk, live, please, question",1.0,-0.7651723449741990,0,0.9963344777795810,0
20739,52175,bee6e887-0983-4b52-a37d-0ff8a7b0a2c7,3,How do I open more accounts?,open account,topic #16,"open, open account, lobby, lobby open, fee open, fee",1.6984629393371200,-0.06670940563707830,1,1.0,1
14653,37089,164ec075-f624-4349-827e-995ce9bfa68a,3,I want to talk to a real person.,talk real person,topic #0,"talk real, talk, real person, real, person, human",2.2343035330802700,0.4691311881060730,0,0.8,0
7804,19857,9402f55d-c7c5-448e-9e8e-3f00932767e5,5,How do I change my contact information?,change contact information,topic #48,"pin, change, change pin, address, find, card pin",2.187654544979900,0.4224822000057050,1,1.0,1
7896,20092,9b2513ba-ee6e-4fa5-8fda-994de483d78f,3,How do I log in to online banking?,log online banking,topic #18,"online, online banking, banking, log online, account online, online account",2.21948550385759,0.4543131588833920,1,1.0,1
31337,78223,898bd8b1-3777-4d5d-9d03-feb528cf4709,7,Is there an email?,email,topic #48,"pin, change, change pin, address, find, card pin",1.0,-0.7651723449741990,0,0.5,1
22387,56264,4edfc288-100c-4048-a9cf-7a68abd04a89,3,How do I dispute a charge?,dispute charge,topic #19,"card, debit, debit card, new, new debit, replacement",1.726931561065520,-0.03824078390868050,1,1.0,1
21953,55197,1ed1f03b-efbb-4f03-b0de-7853581869be,7,How do I log in to online banking?,log online banking,topic #18,"online, online banking, banking, log online, account online, online account",2.21948550385759,0.4543131588833920,1,1.0,1
26780,67222,11ab2047-6cd4-4739-be97-133ddf7a2af4,9,Become a Member,become member,topic #8,"become, become member, member, member qualify, anyone become, anyone",1.7252814369822300,-0.03989090799196430,0,0.9,0
937,2414,573d79cb-1c67-423d-9cb3-c624114f0bfe,5,What's my card's PIN?,card 's pin,topic #48,"pin, change, change pin, address, find, card pin",1.6655716180708300,-0.09960072690336580,1,0.9,1
29824,74594,049e39b1-90fb-4f3d-9bff-a5dea9ccfc46,11,member log-in is not populating,member log populate,topic #10,"log, log online, log account, try log, trouble, unable",1.4105645442345200,-0.35460780073967600,1,0.6,0
24994,62795,246ead35-ec92-4d43-891e-90e2224fa955,23,What's Regulation D?,regulation,topic #28,"info, contact info, contact, account info, update account, update",1.0,-0.7651723449741990,1,1.0,1
12429,31390,f749d849-8251-46ca-ac93-2ea3c444ada1,1,what is the routing number?,route number,topic #5,"route, route number, number, phone number, phone, find",1.7221945691269700,-0.04297777584723120,1,1.0,1
31266,78052,78568152-3765-4822-a603-b2baf5419c1b,9,hardship,hardship,topic #0,"talk real, talk, real person, real, person, human",1.0,-0.7651723449741990,0,0.9963344777795810,0
1914,4869,85334bf2-3a25-4983-80f2-c82a1d5ea082,3,No,no,topic #17,"no, help, need, need help, you, ever",1.0,-0.7651723449741990,0,1.0,0
6007,15415,3e1b45f3-d754-4044-baa2-427f1f54ed87,7,Can't log in,log,topic #10,"log, log online, log account, try log, trouble, unable",1.0,-0.7651723449741990,1,0.7,0
28054,70305,a7a475a2-261e-4095-b44d-0c53306d7300,1,Can I deposit a check from my phone?,deposit check phone,topic #26,"deposit, deposit check, mobile, mobile deposit, phone, direct",2.1845209811244600,0.4193486361502630,0,0.6,1
2716,6964,1405e706-5497-4361-892f-1253b1674a77,1,I am trying to locate a notary republic.,try locate notary republic,topic #18,"online, online banking, banking, log online, account online, online account",1.7090216566880600,-0.05615068828613820,0,0.5,0
22814,57305,56020c97-5bf4-4d4a-9eb5-9bcba91d120f,1,Can’t log in my account ,log account,topic #10,"log, log online, log account, try log, trouble, unable",1.6502624024340800,-0.11490994254011700,1,0.6,0
2819,7235,afd648b1-07e6-4b99-b002-c7d495a4bd66,1,agent,agent,topic #1,"agent, speak, talk, live, please, question",1.0,-0.7651723449741990,0,0.9963344777795810,0
22574,56721,6227ed1c-3176-472d-9c25-5c913f590987,1,I'd like to become a member,become member,topic #8,"become, become member, member, member qualify, anyone become, anyone",1.7252814369822300,-0.03989090799196430,0,0.5,0
15436,39053,f6d179a0-e301-4a68-b181-1f8eac7d7c75,3,I want to talk to a real person.,talk real person,topic #0,"talk real, talk, real person, real, person, human",2.2343035330802700,0.4691311881060730,0,0.8,0
3907,10045,0f0b414a-51b7-44f6-a0f5-ca691302376c,5,I need help from an agent,agent,topic #1,"agent, speak, talk, live, please, question",1.0,-0.7651723449741990,0,0.5,0
18401,46459,6e7be948-fcef-46be-90d4-6753e5cef006,1,Home equity loan,home equity loan,topic #49,"home, home loan, equity, home equity, line, line credit",2.16553963516348,0.4003672901892810,0,0.7973074530244010,0
23716,59532,0b264e1d-0294-47be-bea1-8eef0f8697a6,1,What can this thing do?,thing,topic #6,"thing, type, zelle, enter, expedite title, expedite",1.0,-0.7651723449741990,1,1.0,1
8906,22611,2530ad63-5620-49e9-8939-7ca9ea8834ab,7,"No thanks. Found what I needed,",thank find,topic #21,"thank, ok, ok thank, nothing, okay, look",1.4141087306896800,-0.3510636142845160,1,0.9,0
23515,59030,b0b5342b-5df1-46d9-82ba-22060014da4e,17, .... . . . . , ,topic #0,"talk real, talk, real person, real, person, human",0.0,-1.7651723449742000,0,0.9963344777795810,0
11909,30095,f55178a8-d678-4fef-9ec2-b174269a41db,5,routing,route,topic #5,"route, route number, number, phone number, phone, find",1.0,-0.7651723449741990,0,0.9963344777795810,0
14071,35588,3287cf23-50fa-41f8-b082-9c61de696d9d,5,CREDIT CARD,credit card,topic #9,"credit card, card, credit, know, know credit, apply credit",1.7204737484694000,-0.04469859650479900,0,0.9963344777795810,0
29542,73911,0a2d8edb-0249-4a0f-affb-f96ef9462dc2,1,How can I apply for a loan?,apply loan,topic #13,"apply, apply loan, loan, apply credit, apply auto, ppp",1.7083553833282900,-0.0568169616459111,1,0.9,1
4616,11850,e5ce8d3d-e2a3-4597-9b11-002d1435df77,1,What are your hours?,hour,topic #3,"hour, drive, branch hour, branch, business, lobby",1.0,-0.7651723449741990,1,0.9,1
16590,41943,e709524c-9ba2-49e5-a242-be5c10ab29d6,1,trailer loan,trailer loan,topic #2,"loan, car, car loan, personal, personal loan, loan payment",1.0,-0.7651723449741990,0,0.9963344777795810,0
174,440,ea0d9088-c46f-4e81-aedc-3902e2e4193b,1,"What is the routing number for Lakeville, Minnesota?",route number lakeville minnesota,topic #5,"route, route number, number, phone number, phone, find",1.9428384088647600,0.17766606389056400,1,0.8,1
14730,37277,35faa43b-1711-4bb7-a587-85c799013113,11,I want to know more about your credit cards.,know credit card,topic #9,"credit card, card, credit, know, know credit, apply credit",2.1802154577434100,0.4150431127692080,1,0.7,0
29079,72804,42db3d08-7b68-4317-a6ff-a38c6991bb4a,5,Contact info,contact info,topic #28,"info, contact info, contact, account info, update account, update",1.7198680447744900,-0.04530430019970470,0,0.8977107339539980,0
22543,56644,fb9f2d14-5aa0-4c96-9a97-71a2c50b86bb,25,shit,shit,topic #0,"talk real, talk, real person, real, person, human",0.0,-1.7651723449742000,0,0.9963344777795810,0
21784,54772,1b6b1f3e-37e8-4c6e-bd02-a7ad47e9da3f,1,How can I get a card or become a member online ,card become member online,topic #8,"become, become member, member, member qualify, anyone become, anyone",2.2194836876493300,0.4543113426751320,1,0.7,1
777,1995,849871cb-8c6f-4fdb-8012-5e0aeb2d7e0e,1,Bill pay is not working. When will it be up and running?,bill pay work run,topic #36,"pay, bill, bill pay, pay loan, much, pay bill",2.198595464826840,0.43342311985263900,1,0.9,1
27736,69544,f368062a-19cd-44b2-bd97-700c412fa6ed,3,Check balance,check balance,topic #23,"balance, check balance, balance transfer, account balance, fee balance, fee",1.7000702754007500,-0.06510206957344740,0,0.9963344777795810,0
30937,77265,4ec19e6a-c59a-4b5e-b8cd-d5c67b8693ec,7,Paid a wrong bill.Want to paid the right out of my account,pay wrong bill paid right account,topic #36,"pay, bill, bill pay, pay loan, much, pay bill",2.1552333655078300,0.3900610205336310,1,0.6,0
3394,8711,cff98db7-f827-4af4-ae7a-a3be8e9b57fa,1,I want to talk to a real person.,talk real person,topic #0,"talk real, talk, real person, real, person, human",2.2343035330802700,0.4691311881060730,0,0.8,0
9831,24891,7828afb6-da9c-49f7-85d8-42ce71490c62,3,What’s the number for a payment by phone,’ number payment phone,topic #25,"payment, make, loan payment, make loan, skip, skip payment",1.7171516427901400,-0.048020702184059300,1,0.9,1
11809,29849,1e0fa27b-4355-46a7-9b06-a8edf1fea3b1,5,Do affinity plus use zelle ,affinity plus use zelle,topic #41,"affinity, plus, affinity plus, offer, plus account, external",2.21954893218184,0.4543765872076420,1,1.0,1
10212,25835,2003f9de-7a83-40a8-9235-b36e01f210e3,1,Do debt cards attached to savings accounts have foreign transaction fees?,debt card attach saving account foreign transaction fee,topic #44,"saving, checking, saving account, checking account, account, open checking",2.731312363285680,0.9661400183114850,1,1.0,1
7914,20137,1670a445-d9fc-4717-b4c8-1792691b24b3,1,Fraud transactions on my account.,fraud transaction account,topic #7,"account, check account, close, close account, open account, add",1.667646301301330,-0.09752604367286760,0,0.7,0
9211,23372,5e8eabb8-db91-4aa3-a1ae-43a3e1e65f27,7,What's the rate on your credit cards?,rate credit card,topic #9,"credit card, card, credit, know, know credit, apply credit",2.1460203311266500,0.3808479861524470,1,0.7,1
18686,47166,8c3ecc99-c1f8-43ac-8a2f-2dacef5c9d13,5,How do I get a Verification of Deposit (VOD) letter?,verification deposit vod letter,topic #26,"deposit, deposit check, mobile, mobile deposit, phone, direct",2.610242809478630,0.8450704645044270,1,1.0,1
5835,14969,304a1ce5-a56c-4a0e-8e8a-0c9bd4684169,3,Is this a real person?,real person,topic #15,"person, real, real person, speak, chat, live person",1.732009839950570,-0.03316250502363240,0,0.8,1
3995,10267,418f76fe-9de9-4f32-8a8a-716574033d01,1,I was wondering if it's possible to get a debit card for my checking account?,wonder possible debit card checking account,topic #19,"card, debit, debit card, new, new debit, replacement",2.7553073348849000,0.9901349899107050,0,0.9,1
8511,21614,f2888c41-960b-44ef-bc78-7514a8d50029,3,How do I apply for the Paycheck Protection Program (PPP)?,apply paycheck protection program ppp,topic #13,"apply, apply loan, loan, apply credit, apply auto, ppp",2.967647616314150,1.2024752713399500,1,1.0,1
11941,30177,9908c18a-49f3-477a-811b-54c5926a7e3e,5,What's my Member Number?,member number,topic #24,"member number, member, number, find member, find, transfer member",1.7111330934378500,-0.05403925153634620,1,0.9,1
8066,20508,67a1dfad-79a3-46aa-9326-95e894c2d2ce,3,What's your SWIFT code for international wire transfers?,swift code international wire transfer,topic #20,"transfer, wire, wire transfer, international, domestic, international wire",2.9777355450677100,1.2125632000935100,1,0.9,1
16296,41191,e0def191-60c8-4644-a6e4-d06e97e4f8fb,3,What is the interest rate on a 2008 auto loan,interest rate 2008 auto loan,topic #32,"auto, auto loan, refinance auto, pay auto, apply auto, payoff",2.4078819546945900,0.6427096097203900,1,0.7,1
9797,24808,13e9adaa-f852-45c9-bf37-e167ab0590e5,3,$511.52 went missing from my checking account. I want to find out what happened.,$ 511.52 go missing checking account find happen,topic #44,"saving, checking, saving account, checking account, account, open checking",2.3925717322282300,0.6273993872540340,0,0.5,0
18988,47914,9e21f0cb-a451-4294-9dc1-3b02bd56c345,3,I don't see my points,see point,topic #45,"point, reward, reward point, redeem, use, redeem point",1.4134331126343100,-0.35173923233988600,0,0.9,0
29414,73604,1f26ecf0-b879-4e76-89c1-e6816156fee0,3,Stolen or replacement card,steal replacement card,topic #19,"card, debit, debit card, new, new debit, replacement",2.17648195340186,0.4113096084276620,0,0.8,0
8669,22011,81b149e2-0fec-4e94-8bb9-70e093b6635f,5,How do I transfer to other members?,transfer member,topic #20,"transfer, wire, wire transfer, international, domestic, international wire",1.6707006787434300,-0.09447166623076360,1,1.0,1
26110,65605,af17458a-40ce-4168-b614-f6f91c441618,5,What are my transfer limits?,transfer limit,topic #20,"transfer, wire, wire transfer, international, domestic, international wire",1.6870305204549100,-0.07814182451929020,1,0.9,1
17531,44290,e1c00b32-5a35-4459-bc60-53146a22d67d,1,What's the routing number?,route number,topic #5,"route, route number, number, phone number, phone, find",1.7221945691269700,-0.04297777584723120,1,1.0,1
12163,30713,380c10a1-f9ee-4b58-a021-2bc9e496731c,3,My debit card is going to expire soon,debit card go expire soon,topic #19,"card, debit, debit card, new, new debit, replacement",2.3725939759662900,0.6074216309920960,0,0.8993506493506500,0
1502,3843,a3f4de91-09a6-4803-bf3b-a32f4204e39e,3,no,no,topic #17,"no, help, need, need help, you, ever",1.0,-0.7651723449741990,0,1.0,0
22187,55777,d45eb41a-bc88-426f-9263-0439081614be,1,How do I contact you?,contact,topic #4,"contact, contact information, change contact, contact info, information, someone",1.0,-0.7651723449741990,1,1.0,1
4100,10528,146ba1e0-ab59-46a3-a423-d29efb4fa72d,1,What are your hours?,hour,topic #3,"hour, drive, branch hour, branch, business, lobby",1.0,-0.7651723449741990,1,0.9,1
31194,77881,670c94d0-5489-4211-93e5-fc95cc06d018,1,Can I defer my Visa and holiday loan payments for 3 -4 months?,defer visa holiday loan payment 3 -4 month,topic #25,"payment, make, loan payment, make loan, skip, skip payment",2.3726615663667700,0.6074892213925660,0,1.0,1
31594,78842,d2870a2f-17f9-4a0e-94e6-23c1cd6bfb82,5,Just browsing,browse,topic #0,"talk real, talk, real person, real, person, human",1.0,-0.7651723449741990,0,0.997710733953998,0
12496,31554,07526a8a-54f1-498f-a146-c9e348c94316,5,i have restricted access,restrict access,topic #18,"online, online banking, banking, log online, account online, online account",1.0,-0.7651723449741990,1,0.6003225806451610,0
23241,58358,0bee3609-7676-4d4c-a1a3-1f6ac107fda2,3,Banking statement ,banking statement,topic #47,"bank, statement, bank statement, bank account, bank card, transfer",1.4080424808936300,-0.3571298640805730,0,0.9963344777795810,0
14399,36435,b43a8b07-1b40-488f-b3d6-e9ef147ea43f,1,agent,agent,topic #1,"agent, speak, talk, live, please, question",1.0,-0.7651723449741990,0,0.9963344777795810,0
25130,63132,43f51ee6-f07e-4e0f-8f24-aff50502f988,3,I want to talk to a real person,talk real person,topic #0,"talk real, talk, real person, real, person, human",2.2343035330802700,0.4691311881060730,0,0.8,0
6580,16869,fafd7f11-fcd1-4a30-840d-4395f72a0870,11,I want to talk to a real person.,talk real person,topic #0,"talk real, talk, real person, real, person, human",2.2343035330802700,0.4691311881060730,0,0.8,0
14980,37908,f42bad2c-07d0-4a90-82dd-111ca1c75db5,13,are there fees for accounts,fee account,topic #7,"account, check account, close, close account, open account, add",1.3710969726273200,-0.3940753723468830,0,0.7,1
15249,38595,1150d1bf-9dd3-442c-899a-6237c2755d3b,1,how do I check deposit by mail,check deposit mail,topic #26,"deposit, deposit check, mobile, mobile deposit, phone, direct",1.9455086947867800,0.1803363498125780,1,1.0,1
15920,40244,47804b19-9b0b-428f-a6b1-7fe1da1f0683,5,How do I get a replacement card?,replacement card,topic #19,"card, debit, debit card, new, new debit, replacement",1.6801776807298000,-0.08499466424439880,1,1.0,1
11463,28973,2b93f8b7-8b1c-4549-9ce4-9f994a094437,1,What's the best type of savings account for us,good type saving account,topic #44,"saving, checking, saving account, checking account, account, open checking",2.1792331521054800,0.4140608071312860,1,1.0,1
1821,4631,e98894ac-628b-4e6e-8392-ecb9322b4fe1,9,Fha loan,fha loan,topic #2,"loan, car, car loan, personal, personal loan, loan payment",1.0,-0.7651723449741990,0,0.9963344777795810,0
34242,85255,b2d6b4f9-a57f-4dbe-a585-1ce3cb2e285d,3,I was not sure of his request. How can I speak with a live person?,sure request speak live person,topic #15,"person, real, real person, speak, chat, live person",2.3878763406011300,0.6227039956269370,1,0.6,1
10678,27004,43bfb405-d5bc-4969-8f9b-02c8784a4e20,5,What are your credit card benefits?,credit card benefit,topic #9,"credit card, card, credit, know, know credit, apply credit",2.1431492917767900,0.3779769468025910,1,0.9,1
22587,56749,dd42a317-0461-4a84-9e6a-9b58591274cf,1,Updated rates?,updated rate,topic #11,"rate, interest, interest rate, mortgage rate, current, loan rate",1.0,-0.7651723449741990,0,0.9963344777795810,0
8071,20520,efa04ce1-bdc5-400d-9732-ff83891fda64,3,I forgot my username ,forgot username,topic #29,"digital, digital banking, lock, password, banking, password lock",1.7255836255156500,-0.039588719458543800,0,0.9963344777795810,0
32473,80984,3b69899d-4e89-4498-958b-37d8478c81cf,1,When closed?,close,topic #7,"account, check account, close, close account, open account, add",1.0,-0.7651723449741990,1,0.6009771986970680,1
34180,85111,ac302e7e-b188-4028-a380-935e85ec239c,1,I overpaid my visa balance can you refund the difference ,overpay visa balance refund difference,topic #23,"balance, check balance, balance transfer, account balance, fee balance, fee",1.9672608082708700,0.20208846329667200,0,0.9,1
404,1019,21366492-412a-4c8e-9182-6bfcabc4f888,1,routing number for checking account,route number check account,topic #5,"route, route number, number, phone number, phone, find",2.4027465554191000,0.6375742104449020,0,0.5990228013029320,0
6504,16678,4893d7aa-300e-41da-8057-a08a04e7ee03,3,What loans do you have?,loan,topic #2,"loan, car, car loan, personal, personal loan, loan payment",1.0,-0.7651723449741990,1,1.0,1
1275,3268,39328c3a-7874-4cbf-ac01-dd6bfe7739f1,3,AGENT,agent,topic #1,"agent, speak, talk, live, please, question",1.0,-0.7651723449741990,0,0.9963344777795810,0
25587,64297,b8840082-02c9-4388-b44c-b4bd885961f5,1,What can this thing do?,thing,topic #6,"thing, type, zelle, enter, expedite title, expedite",1.0,-0.7651723449741990,1,1.0,1
31119,77702,930a0b67-ac9b-4a49-b273-aa94414762a9,1,Actually I’m trying to find out how much money is on my card but I don’t remember my username and I don’t know but the last digits of my member number ,actually try find much money card remember username know last digit member number,topic #24,"member number, member, number, find member, find, transfer member",3.760513335569410,1.9953409905952100,0,1.0,0
16907,42723,2bbd6487-af65-40c5-b998-ae5ff5199c85,9,How do I get a Verification of Deposit (VOD) letter?,verification deposit vod letter,topic #26,"deposit, deposit check, mobile, mobile deposit, phone, direct",2.610242809478630,0.8450704645044270,1,1.0,1
9576,24272,f8116771-4181-4cc5-84a1-bbdfc5840caf,4,Is this a real person?,real person,topic #15,"person, real, real person, speak, chat, live person",1.732009839950570,-0.03316250502363240,0,0.8,1
32849,81901,4be3c601-621e-4843-acd8-89df9ebc7c61,1,I was trying to pay my Visa credit card through the Account Pay Now tab and it says it can't open in Safari. What has happened. I prefer paying directly to mail in.,try pay visa credit card account pay tab say open safari happen prefer pay directly mail,topic #36,"pay, bill, bill pay, pay loan, much, pay bill",3.11879859702537,1.3536262520511700,0,0.9,0
7384,18832,83f4d00b-577d-4b22-ad54-85cb24d01344,2,Rewards amazon gift card ,reward amazon gift card,topic #45,"point, reward, reward point, redeem, use, redeem point",2.1734626121972200,0.40829026722301900,0,0.8980364600078790,0
24618,61838,abbdf4c1-4021-4714-98a9-63fc77930b6e,3,I want to know about the savings account you guys have,know saving account guy,topic #44,"saving, checking, saving account, checking account, account, open checking",2.1758201036917400,0.4106477587175420,1,0.6,0
5561,14266,76e57d2d-5d03-4218-a836-09e6a3f14c12,1,I want to talk to a real person.,talk real person,topic #0,"talk real, talk, real person, real, person, human",2.2343035330802700,0.4691311881060730,0,0.8,0
10035,25391,08689358-7b0a-47e1-846c-8c3a27acf5ce,3,Bye!,bye,topic #0,"talk real, talk, real person, real, person, human",1.0,-0.7651723449741990,0,0.9963344777795810,0
19870,50034,e88de9d5-c23e-40c1-ad27-85e0b0a555d0,5,What is your DDA number,dda number,topic #33,"account number, number, account, checking account, savings account, phone",1.0,-0.7651723449741990,1,0.8,1
20301,51091,5324ef83-7ee9-4570-8b69-0bc914011bdf,9,How do I unfreeze my credit card,unfreeze credit card,topic #9,"credit card, card, credit, know, know credit, apply credit",1.7204737484694000,-0.04469859650479900,1,1.0,1
13356,33762,5ed27e20-46fa-4d1f-97ab-2f080b9c87ea,1,How do I contact you?,contact,topic #4,"contact, contact information, change contact, contact info, information, someone",1.0,-0.7651723449741990,1,1.0,1
32270,80496,4e72f7ad-b9e3-439e-a84b-90e4a8417543,3,digital banking,digital banking,topic #29,"digital, digital banking, lock, password, banking, password lock",1.7229259645248000,-0.042246380449399300,0,0.998364308055597,0
17524,44271,cfec78a9-2db6-43e9-859b-a9a682580b8d,3,What are your rates?,rate,topic #11,"rate, interest, interest rate, mortgage rate, current, loan rate",1.0,-0.7651723449741990,1,0.9,1
22961,57669,caadc163-96fe-4853-90f0-7a0533f9ef5b,1,PPP,ppp,topic #35,"application, status, status loan, loan application, check status, loan",1.0,-0.7651723449741990,0,0.9963344777795810,0
5551,14244,31dbc9c9-1447-42b0-860c-ac758c1d9ef0,1,how much is a wire transfer,much wire transfer,topic #20,"transfer, wire, wire transfer, international, domestic, international wire",1.9916043947909900,0.22643204981678900,1,1.0,1
27318,68519,caf58eb1-d290-4fc8-bf28-ae2d6c557439,1,What are the membership  criteria?,membership   criterion,topic #30,"membership, criterion, membership criterion, membership number, start, fee",1.7303291332183000,-0.03484321175589390,1,1.0,1
3592,9224,fc7b8766-c828-419a-88ba-3d9271494884,3,Is the lobby open at the Duluth MN branch yet?,lobby open duluth mn branch yet,topic #16,"open, open account, lobby, lobby open, fee open, fee",2.589793592152000,0.8246212471777980,0,0.7,1
33352,83108,4a9e5c42-e47b-4a1a-bc81-7b14ff5cd9e5,3,I need to reapply for my approved limit,reapply approve limit,topic #34,"atm, use, atm use, limit, use atm, cash",1.4047552598633500,-0.36041708511085100,1,0.7,0
23043,57881,8529a836-7394-4917-971b-751364f8f69d,5,How do I apply for a loan?,apply loan,topic #13,"apply, apply loan, loan, apply credit, apply auto, ppp",1.7083553833282900,-0.0568169616459111,1,0.9,1
16164,40862,8212c672-44ff-4f9d-8e02-265911ba17a6,7,What's the rate on your credit cards?,rate credit card,topic #9,"credit card, card, credit, know, know credit, apply credit",2.1460203311266500,0.3808479861524470,1,0.7,1
18735,47277,1bf0ba14-b020-4933-8d98-2e52a41bea5e,23,K m.j m d =e rhnt r. Mbv rmhm4hkem,k m.j = e rhnt r. mbv rmhm4hkem,topic #0,"talk real, talk, real person, real, person, human",0.0,-1.7651723449742000,0,0.9963344777795810,0
2919,7500,ff24fa7d-f31c-4f16-ab0b-16239f7c901b,1,I want to talk to a real person.,talk real person,topic #0,"talk real, talk, real person, real, person, human",2.2343035330802700,0.4691311881060730,0,0.8,0
26733,67109,6341d79a-91a4-487d-b842-122df7758b59,1,How can I apply for a loan?,apply loan,topic #13,"apply, apply loan, loan, apply credit, apply auto, ppp",1.7083553833282900,-0.0568169616459111,1,0.9,1
1447,3704,2976b900-d017-414a-be9a-f46c0da5b8c6,13,thanks,thank,topic #21,"thank, ok, ok thank, nothing, okay, look",1.0,-0.7651723449741990,0,0.9963344777795810,0
8604,21840,5ba21d89-20ec-4e49-bc4f-744e222a76e5,1,Mortgage assistance ,mortgage assistance,topic #27,"mortgage, mortgage rate, mortgage loan, refinance mortgage, mortgage refinance, current mortgage",1.3771961208357600,-0.3879762241384390,0,0.9963344777795810,0
16263,41108,9d1ee05b-8f57-4954-99ff-714c20d018eb,1,Do you have graduate school loans for non business graduate degrees? Web page just says MBA.,graduate school loan non business graduate degree web page say mba,topic #2,"loan, car, car loan, personal, personal loan, loan payment",2.1630849416049,0.3979125966307010,0,0.9,1
3551,9116,3b31c326-4be5-4861-bbe5-ccc165b1521c,1,What are your hours?,hour,topic #3,"hour, drive, branch hour, branch, business, lobby",1.0,-0.7651723449741990,1,0.9,1
1346,3456,4fe0a0d7-df00-4f99-8055-f3a09de95c28,1,is brandi Donahue in the fergus falls branch on vacation today tried emailing her about a refinance?,brandi donahue fergus falls branch vacation today try email refinance,topic #22,"refinance, refinance rate, refinance information, information, refinance mortgage, car",2.2222308717772500,0.4570585268030490,0,0.8,0
23732,59574,b273254a-a3d1-447e-83a1-7d443081ac84,1,opening a money market account,open money market account,topic #40,"money, transfer money, market, money market, transfer, market account",2.3721643094167600,0.6069919644425630,0,0.8969971944791640,0
22514,56578,35aaba96-75e7-4c87-89cc-554cca40f9c1,7,How do I apply for a loan?,apply loan,topic #13,"apply, apply loan, loan, apply credit, apply auto, ppp",1.7083553833282900,-0.0568169616459111,1,0.9,1
10743,27169,87fc28c2-465d-4292-8c06-4cc93c1cca7f,3,How do I reset my username for my account?,reset username account,topic #7,"account, check account, close, close account, open account, add",1.6583388976132600,-0.10683344736094100,1,0.9,1
16113,40726,1d21077b-984f-4876-8b45-5bde889cad58,1,"Please add a new feature to the loan calculator. The used automobile loan calculator is odd. If I want to buy a car and know the price, I would like the option to enter in the amount, the loan rate, the down payment, and the trade in value to see the monthly payments. I don't like the option of entering in a monthly payment to see what loan I can afford. That's not helpful to me. If anything, we should have both options to calculate our loans.",please add new feature loan calculator used automobile loan calculator odd buy car know price option enter amount loan rate payment trade value see monthly payment option enter monthly payment see loan afford helpful anything option calculate loan,topic #25,"payment, make, loan payment, make loan, skip, skip payment",4.0290818254099100,2.263909480435710,0,0.9,0
20614,51864,255f84e6-a08d-42b0-bc6f-73c10dea4c54,1,What are your hours?,hour,topic #3,"hour, drive, branch hour, branch, business, lobby",1.0,-0.7651723449741990,1,0.9,1
25747,64712,7a3e86de-3d13-439b-97d8-50519a0a250f,3,How do I chat with a real person,chat real person,topic #15,"person, real, real person, speak, chat, live person",1.9137214708843700,0.148549125910171,1,0.9,1
18744,47302,6705f6cd-0264-43ab-9763-3159566aa6c1,3,Electronic Statements,electronic statement,topic #47,"bank, statement, bank statement, bank account, bank card, transfer",1.3956183373345800,-0.36955400763961600,0,0.9963344777795810,0
17746,44820,07386e01-2ed5-420b-beae-34cc07f3ebeb,3,What's my balance?,balance,topic #23,"balance, check balance, balance transfer, account balance, fee balance, fee",1.0,-0.7651723449741990,1,0.9,1
20874,52516,0e7d8650-43e2-4469-9cef-f60a7a4d7aa2,1,what address do i mail my home equity loan payment in,address mail home equity loan payment,topic #49,"home, home loan, equity, home equity, line, line credit",2.9347043107527500,1.169531965778560,1,0.9,1
15719,39761,93b6006a-df97-42b3-a858-79521a5b7590,1,How do I contact you?,contact,topic #4,"contact, contact information, change contact, contact info, information, someone",1.0,-0.7651723449741990,1,1.0,1
2142,5467,c4fdad15-a6b7-42da-9bdf-c630a10af01d,3,How do I get to a real person,real person,topic #15,"person, real, real person, speak, chat, live person",1.732009839950570,-0.03316250502363240,1,0.9,1
12241,30916,443f0402-5946-4ecd-acc8-3d5ea4cb8f95,3,I want to talk to a real person.,talk real person,topic #0,"talk real, talk, real person, real, person, human",2.2343035330802700,0.4691311881060730,0,0.8,0
15995,40427,2463fc41-d713-4a66-af93-4e9f3e66a7cc,1,order regular checks on line,order regular check line,topic #31,"order, order check, check, money order, order new, new",1.705389962917800,-0.059782382056401200,0,0.6,0
19188,48416,b0bfd933-7bdd-4708-9449-2fc4da859a7b,1,Is this a real person?,real person,topic #15,"person, real, real person, speak, chat, live person",1.732009839950570,-0.03316250502363240,0,0.8,1
15493,39197,f46240c0-a336-4d46-8359-9131c4e9baf0,1,Stop payment on a check,stop payment check,topic #25,"payment, make, loan payment, make loan, skip, skip payment",1.9255523122552300,0.16037996728103500,1,0.6,0
22280,56000,151d5f74-75d9-4671-aa5e-67343a406030,1,I forgot my username on the online mobile app,forgot username online mobile app,topic #18,"online, online banking, banking, log online, account online, online account",2.616280818419070,0.8511084734448700,0,0.8,0
16578,41914,97d96c63-a445-42c6-90f0-023369bff000,1,I need to pay a bill using a different card,pay bill use different card,topic #36,"pay, bill, bill pay, pay loan, much, pay bill",2.3812473554124200,0.616075010438218,0,0.7,0
22188,55780,1d33aa45-69a7-429e-9a59-21d22dad1c91,1,Do you guys offer options for teenage debit cards??,guy offer option teenage debit card,topic #19,"card, debit, debit card, new, new debit, replacement",2.3970809147146700,0.6319085697404700,0,0.6,1
12431,31395,025dc310-99ac-4649-8a35-5cb57e9ba2af,3,How do I apply for a loan?,apply loan,topic #13,"apply, apply loan, loan, apply credit, apply auto, ppp",1.7083553833282900,-0.0568169616459111,1,0.9,1
12550,31691,b076e2c0-5a5c-40ec-b55b-326c2d33d8f5,7,Fraud,fraud,topic #19,"card, debit, debit card, new, new debit, replacement",1.0,-0.7651723449741990,0,0.9963344777795810,0
17445,44075,620f8fb0-b46c-4b23-9e05-af8bd3695f95,3,How do I apply for a loan?,apply loan,topic #13,"apply, apply loan, loan, apply credit, apply auto, ppp",1.7083553833282900,-0.0568169616459111,1,0.9,1
30408,75996,e0b67e0b-5f00-4afd-818e-625f28a2fca7,3,Branch/ATM locations,branch / atm location,topic #14,"branch, branch atm, atm, location, atm location, branch open",2.222951311313420,0.4577789663392170,0,0.8963344777795810,0
17549,44335,c3f958e0-2cf7-4c5f-b1d1-5834c352dd10,7,What loans do you have?,loan,topic #2,"loan, car, car loan, personal, personal loan, loan payment",1.0,-0.7651723449741990,1,1.0,1
15076,38155,69207682-827d-4414-8c3a-4747bd401eef,3,will you refinance a mortgage,refinance mortgage,topic #27,"mortgage, mortgage rate, mortgage loan, refinance mortgage, mortgage refinance, current mortgage",1.6994324280627500,-0.06573991691144700,0,0.798376596062301,1
9212,23375,b637e52d-f5f7-4d28-b015-321dea57015d,1,What are your cd rates,cd rate,topic #11,"rate, interest, interest rate, mortgage rate, current, loan rate",1.6825647438217200,-0.08260760115247990,1,0.9,1
2770,7111,fb001c95-9789-4632-98d8-0aaea5e0cb9e,1,I want to talk to a real person.,talk real person,topic #0,"talk real, talk, real person, real, person, human",2.2343035330802700,0.4691311881060730,0,0.8,0
30819,76983,0a611c71-cbd1-4dbf-b729-d9062c1098bf,1,Card declined ,card decline,topic #19,"card, debit, debit card, new, new debit, replacement",1.675770144576230,-0.08940220039796750,0,0.9963344777795810,0
30254,75625,e49d38f1-aac1-4cd5-8f19-4d7956a41baa,1,Are you all open,open,topic #16,"open, open account, lobby, lobby open, fee open, fee",1.0,-0.7651723449741990,1,0.5006493506493510,1
32746,81651,d1180b66-5483-425d-94b8-bdebb26fcd4c,7,"Ok, thank you",ok thank,topic #21,"thank, ok, ok thank, nothing, okay, look",1.7118611330625000,-0.053311211911699000,0,0.9969838284289320,0
10836,27398,992aeb83-ac98-444f-a6ad-022aa3f28828,1,can you get a debit card in the mail ,debit card mail,topic #19,"card, debit, debit card, new, new debit, replacement",1.9634459939496800,0.19827364897548400,1,0.6,1
15671,39645,b209f448-4840-41b2-87b1-ef26bc7a7f8d,1,How do I find my loan details,find loan detail,topic #2,"loan, car, car loan, personal, personal loan, loan payment",1.3738449996208100,-0.3913273453533840,1,1.0,1
14861,37619,363a8d49-f20c-4ce5-9bd0-2d497a03f965,1,Is this a real person?,real person,topic #15,"person, real, real person, speak, chat, live person",1.732009839950570,-0.03316250502363240,0,0.8,1
20588,51798,99c1995f-da67-43f9-bb26-96dac1c8c723,3,What if I can't make my loan payments?,make loan payment,topic #25,"payment, make, loan payment, make loan, skip, skip payment",2.182441008014460,0.4172686630402630,1,1.0,1
7192,18354,b657f1ad-68dc-4cc5-93eb-e18251ab587a,3,I don’t remember my pin for my credit card,remember pin credit card,topic #9,"credit card, card, credit, know, know credit, apply credit",2.172020169432800,0.4068478244586050,0,0.9973064090740930,0
28489,71370,a1ef1dfc-c5f6-48d3-8efc-49f1d3a4729c,1,I need to update my phone number for verification.,update phone number verification,topic #33,"account number, number, account, checking account, savings account, phone",2.1917825371631100,0.4266101921889160,1,0.6,0
15293,38703,214df148-a8e3-452c-90f3-b891500916b9,7,Trying to figure out how this all works,try figure work,topic #19,"card, debit, debit card, new, new debit, replacement",1.701362703281510,-0.06380964169269250,0,0.6,0
11903,30080,6ea27ff2-ed94-448b-be7a-e760f711bebe,3,How do I open more accounts?,open account,topic #16,"open, open account, lobby, lobby open, fee open, fee",1.6984629393371200,-0.06670940563707830,1,1.0,1
10070,25477,20ab16e6-8d80-470e-8385-1449463b40e3,1,Just checking out the IRA,check ira,topic #12,"check, check account, cashier check, cashier, check balance, deposit check",1.3537134984146900,-0.41145884655950800,0,0.8,0
22942,57621,fa136c67-b842-413f-9cd7-46412267f840,3,what is my account number,account number,topic #33,"account number, number, account, checking account, savings account, phone",1.6922304345384300,-0.07294191043576800,1,0.9,1
11572,29250,4b02f7bf-dec0-4787-b1f5-2f076582ff60,3,Because of the stuff going on can we skip a payment for are personal loan,stuff go skip payment personal loan,topic #25,"payment, make, loan payment, make loan, skip, skip payment",2.5855466093220400,0.8203742643478460,0,1.0,0
33221,82787,05fb5c93-0047-44bf-9b71-f10a2d97a233,5,Do not have ATM card,atm card,topic #34,"atm, use, atm use, limit, use atm, cash",1.651246426423270,-0.11392591855093200,1,0.9,0
3737,9602,32c6961b-64be-4519-8d1c-746906bf581f,1,How do I contact you?,contact,topic #4,"contact, contact information, change contact, contact info, information, someone",1.0,-0.7651723449741990,1,1.0,1
32575,81225,27fb492e-59bc-42cc-9724-24a11a065e50,3,Log in,log,topic #10,"log, log online, log account, try log, trouble, unable",1.0,-0.7651723449741990,0,0.8,0
31048,77531,a7b29323-4a05-4ec1-a476-692a4fd2d948,1,access my account,access account,topic #7,"account, check account, close, close account, open account, add",1.6582598933347400,-0.10691245163945800,0,0.9969838284289320,0
1964,5001,12c0eeff-fa2c-4868-9daa-6a0387416807,3,No is the lobby open,lobby open,topic #16,"open, open account, lobby, lobby open, fee open, fee",1.699373032451040,-0.06579931252315440,0,0.7,0
13307,33635,3f5143a0-b326-4897-b755-4bdaf1f5da45,3,Third party check,third party check,topic #12,"check, check account, cashier check, cashier, check balance, deposit check",1.322086904429370,-0.44308544054483100,0,0.799028068705488,0
7439,18966,d30cbcf1-0316-45ad-b32f-2728797d7d71,5,My credit score is 721 can I get credit card with it ?,credit score 721 credit card,topic #38,"score, credit score, credit, check credit, union, credit union",2.1574545293827400,0.3922821844085420,0,0.7,1
1993,5076,6c786094-8319-4b4c-b1e5-ceda3f6e118d,1,I’d like to check to make sure you have my soon-to-be-current address. I’m moving on 6/1/20,check make sure soon current address move 6/1/20,topic #12,"check, check account, cashier check, cashier, check balance, deposit check",2.7628223089536900,0.9976499639794950,0,1.0,0
15282,38678,cb0f38c4-9797-4a7c-9ffd-a876e2ed956f,3,Is this a real person?,real person,topic #15,"person, real, real person, speak, chat, live person",1.732009839950570,-0.03316250502363240,0,0.8,1
13883,35096,0e9ab4e8-c487-4706-86cf-f24073b19ba2,3,is there a cost?,cost,topic #22,"refinance, refinance rate, refinance information, information, refinance mortgage, car",1.0,-0.7651723449741990,0,0.8993506493506500,1
31400,78383,f9a9dafc-60cb-4197-bb08-0a080b2d6d99,1,Local branch,local branch,topic #14,"branch, branch atm, atm, location, atm location, branch open",1.3706637834740300,-0.3945085615001650,0,0.6966581023750510,0
3259,8368,cdf43abc-4da8-4a09-a1c9-b9aa7dfa0b07,3,Can cashier check be ordered online?,cashier check order online,topic #31,"order, order check, check, money order, order new, new",2.1925660074672300,0.4273936624930270,1,0.9,1
14275,36100,4054e653-30de-4426-b7f2-bcf9546f60a3,3,How do I open more accounts?,open account,topic #16,"open, open account, lobby, lobby open, fee open, fee",1.6984629393371200,-0.06670940563707830,1,1.0,1
17017,42993,20abe50f-02f2-47a7-9c6c-e05ad834182a,5,How do I open a checking account?,open checking account,topic #44,"saving, checking, saving account, checking account, account, open checking",2.1590834510773000,0.3939111061031030,1,1.0,1
31836,79433,89a5475c-66d8-427a-84e5-9da66490f29d,3,Yes,yes,topic #46,"yes, car, please, try, know, work",1.0,-0.7651723449741990,0,0.9963344777795810,0
30600,76455,b3889562-5887-40e1-9505-f88f87749513,1,Product rates,product rate,topic #43,"product, product rate, rate, zelle, expedite title, expect",1.704666177332420,-0.06050616764178350,0,0.7969982384294720,0
6912,17656,732d87b3-7e1d-4ae8-a779-221221a41b0f,3,What's the routing number?,route number,topic #5,"route, route number, number, phone number, phone, find",1.7221945691269700,-0.04297777584723120,1,1.0,1
23333,58577,93db49ae-9477-4c9e-9261-2eb35c88321f,4,interest checking,interest checking,topic #44,"saving, checking, saving account, checking account, account, open checking",1.4142129431809100,-0.35095940179329300,0,0.9973871093585290,0
2451,6257,95d48a18-d345-403e-a754-c857a7b92009,1,I want to talk to a real person.,talk real person,topic #0,"talk real, talk, real person, real, person, human",2.2343035330802700,0.4691311881060730,0,0.8,0
12601,31820,9c1efdf6-ea82-4e41-9b01-1e883fd044d4,5,What are your hours?,hour,topic #3,"hour, drive, branch hour, branch, business, lobby",1.0,-0.7651723449741990,1,0.9,1
30000,75009,74c358bd-92e4-44d0-9f89-e1a5fcbd8558,1,Hello. My site isn't working. Is it down?,site work,topic #19,"card, debit, debit card, new, new debit, replacement",1.4001475230689200,-0.3650248219052740,0,0.9963344777795810,1
30592,76436,313d24d0-59e0-468a-bd59-b974940ed697,1,Become a Member,become member,topic #8,"become, become member, member, member qualify, anyone become, anyone",1.7252814369822300,-0.03989090799196430,0,0.9,0
12032,30393,f6a63c5a-5971-47f6-814e-bf6bcc94b72a,3,Can I turn my debit card off,turn debit card,topic #19,"card, debit, debit card, new, new debit, replacement",1.9036538103815600,0.13848146540735700,0,0.6,1
1980,5042,68885c7c-cb4a-4b5a-8245-d8e78849d6c8,3,I want to talk to a real person.,talk real person,topic #0,"talk real, talk, real person, real, person, human",2.2343035330802700,0.4691311881060730,0,0.8,0
6013,15428,dc7adef9-4273-42ea-a5dd-951934d07029,3,What's your SWIFT code for international wire transfers?,swift code international wire transfer,topic #20,"transfer, wire, wire transfer, international, domestic, international wire",2.9777355450677100,1.2125632000935100,1,0.9,1
31811,79374,0813103d-b914-4921-9839-bb5d233e8767,3,Log in,log,topic #10,"log, log online, log account, try log, trouble, unable",1.0,-0.7651723449741990,0,0.8,0
5180,13299,15162fdb-1f75-4776-9212-766b1328767a,7,How do I apply for a loan?,apply loan,topic #13,"apply, apply loan, loan, apply credit, apply auto, ppp",1.7083553833282900,-0.0568169616459111,1,0.9,1
9139,23196,6fb74417-0c7b-44a5-a3ec-d8502d3b6eb3,1,pending loan application,pende loan application,topic #35,"application, status, status loan, loan application, check status, loan",1.9306400039646300,0.16546765899043400,0,0.997634257121811,0
21232,53406,dadae232-3d80-4d2f-9335-88cfe4d4a2fa,1,Hi I'm wondering about my loan ,wonder loan,topic #2,"loan, car, car loan, personal, personal loan, loan payment",1.348193185680680,-0.4169791592935210,1,0.5016988368195780,0
34199,85157,6c89afbb-7a2b-4c7e-a646-b3247a614227,1,Setup Mobile banking,setup mobile banking,topic #18,"online, online banking, banking, log online, account online, online account",1.9590009660089200,0.19382862103471900,0,0.9963344777795810,0
15003,37965,2ef642c3-74e6-415c-b619-c152616309df,1,Is this a real person?,real person,topic #15,"person, real, real person, speak, chat, live person",1.732009839950570,-0.03316250502363240,0,0.8,1
5398,13859,eb0f553e-48f9-4f04-90d3-f4117d8a23af,1,agent,agent,topic #1,"agent, speak, talk, live, please, question",1.0,-0.7651723449741990,0,0.9963344777795810,0
27864,69850,a6a44cdf-ac17-4534-b137-8532857e9fe8,5,can't remember which email ,remember email,topic #48,"pin, change, change pin, address, find, card pin",1.4106531429738600,-0.3545192020003370,1,1.0,0
3222,8281,4be045d6-23c7-4ea3-b6e9-f6a390815c1b,3,What if I don't have that phone number anymore,phone number anymore,topic #33,"account number, number, account, checking account, savings account, phone",1.6954950899909300,-0.06967725498326890,1,0.9,1
23786,59707,4b69d777-5396-4ff6-ac11-3899db78912f,1,What are your hours?,hour,topic #3,"hour, drive, branch hour, branch, business, lobby",1.0,-0.7651723449741990,1,0.9,1
26826,67339,e2e2554e-60e6-4997-85e3-4a854659596d,1,Replacement debit card did not arrive,replacement debit card arrive,topic #19,"card, debit, debit card, new, new debit, replacement",2.157586439682270,0.39241409470806700,0,0.9980498260581120,0
10072,25482,be3f6b70-637a-4a2f-9c94-90e1a3b0c40f,1,If I transfer money to another account how long is the wait ,transfer money account long wait,topic #40,"money, transfer money, market, money market, transfer, market account",2.5654861437338200,0.8003137987596260,1,0.8,1
20156,50727,851fc421-01b8-4370-bf43-7e96e2b6cf7a,3,Debit card,debit card,topic #19,"card, debit, debit card, new, new debit, replacement",1.7140078936861400,-0.05116445128806310,0,0.9963344777795810,0
25338,63673,77b2c974-751d-4d87-82f1-341394c41619,3,replace debit card,replace debit card,topic #19,"card, debit, debit card, new, new debit, replacement",1.92492310762786,0.15975076265366200,0,0.6982846517214700,0
32844,81888,a210404f-bc08-4840-8f7b-37c9290ea512,9,What time does Northwest Plaza close today?,time northwest plaza close today,topic #7,"account, check account, close, close account, open account, add",1.7315929223534700,-0.033579422620730700,1,0.9,1
3503,8981,9575e970-83c7-4efc-89cf-5b345f014f0d,3,how do I deposit a check without a deposit slip,deposit check without deposit slip,topic #26,"deposit, deposit check, mobile, mobile deposit, phone, direct",1.9241489795854000,0.15897663461119900,1,0.9,1
33604,83737,2ec68366-03fc-44f1-828c-dd514a33b1b4,9,Ok so yall do mortgage loans ,ok mortgage loan,topic #27,"mortgage, mortgage rate, mortgage loan, refinance mortgage, mortgage refinance, current mortgage",1.9195687863965000,0.1543964414223050,0,0.5,1
19058,48088,dad1b336-8d42-49a2-9ad1-610aa46e4956,9,What is CPI?,cpi,topic #0,"talk real, talk, real person, real, person, human",1.0,-0.7651723449741990,1,0.9,1
7006,17889,7dd993ae-c51c-4722-94b9-c50409f19638,3,Is this a real person?,real person,topic #15,"person, real, real person, speak, chat, live person",1.732009839950570,-0.03316250502363240,0,0.8,1
24858,62449,d4e7540d-21ad-4177-b731-f9d2ed29e987,1,Where do I get a replacement debit card,replacement debit card,topic #19,"card, debit, debit card, new, new debit, replacement",2.157586439682270,0.39241409470806700,1,1.0,1
27412,68750,2ddc1876-dbff-4cea-884a-ca88cfa9a476,1,get loan balance,loan balance,topic #23,"balance, check balance, balance transfer, account balance, fee balance, fee",1.3791220469964900,-0.38605029797770700,0,0.5980508700084200,0