,Unnamed: 0,id,turn,message,message_clean,topic,topic_label,tfidf_score,deviance,is_question,is_question_score
21076,53024,11f28a6a-b779-41d3-84b2-ea1ede3492fe,5,What's my Account Number?,account number,topic #33,"account number, number, account, checking account, savings account, phone",1.6922304345384305,-0.07294191043576803,1,0.9987647636237987
15441,39064,ffab9809-35de-4c0b-84b8-ad799e8842f2,1,Consolidation loan,consolidation loan,topic #2,"loan, car, car loan, personal, personal loan, loan payment",1.6286402638600754,-0.13653208111412307,0,0.7723879993919874
7828,19911,434c9307-2b7c-4af5-b391-0da8d6bfea4c,27,How do I contact you?,contact,topic #4,"contact, contact information, change contact, contact info, information, someone",1.0,-0.7651723449741985,1,0.9999004295340953
9083,23061,f17f8964-66e2-4620-b3d4-fd827ba1ae2c,2,What are your hours?,hour,topic #3,"hour, drive, branch hour, branch, business, lobby",1.0,-0.7651723449741985,1,0.9923125399144731
13245,33482,b13cee54-b7fe-42f3-b8e9-d14aa57cec72,1,I’m a member and am interested in your money market funds. I don’t want monthly activity requirements and the ability to put in over $25K. What are my options?,member interested money market fund monthly activity requirement ability put $ 25k. option,topic #40,"money, transfer money, market, money market, transfer, market account",3.2679215464070763,1.5027492014328774,1,0.5191562957398184
22143,55667,0adcff56-cedd-43db-a426-2c59af957b3e,5,How do I skip a loan payment?,skip loan payment,topic #25,"payment, make, loan payment, make loan, skip, skip payment",2.1404153701921675,0.37524302521796893,1,0.9998193232187566
3635,9331,50b9f8c9-f978-41e8-9227-d50d09a276d2,1,What can this thing do?,thing,topic #6,"thing, type, zelle, enter, expedite title, expedite",1.0,-0.7651723449741985,1,0.9999995078068689
26427,66380,3189197f-6d75-40da-b4bd-51d69c87b0d1,1,I am trying to use my VISA card online and it is being rejected. I have never had a problem with it in the past. HELP!!,try use visa card online reject never problem past,topic #34,"atm, use, atm use, limit, use atm, cash",3.221667323990662,1.4564949790164634,0,0.9663628634837804
29096,72841,e40fb687-55d8-4072-9c3a-6776442f7b84,1,flash202,flash202,topic #0,"talk real, talk, real person, real, person, human",0.0,-1.7651723449741985,0,0.7607104133583558
27252,68362,9d637ae9-d25c-418c-8cf3-f0fb32877ee1,1,What hours are you open,hour open,topic #3,"hour, drive, branch hour, branch, business, lobby",1.4134556748735003,-0.3517166701006982,1,0.9888056380387874
13791,34859,17ef7e59-02a3-4634-a28e-096e78711336,3,There are no savings rates to click on,saving rate click,topic #44,"saving, checking, saving account, checking account, account, open checking",1.4040211679971804,-0.36115117697701815,0,0.9047923932251187
25709,64610,b1f46352-1e05-4a5e-b207-4460fd35cf0f,1,I want to talk to a real person.,talk real person,topic #0,"talk real, talk, real person, real, person, human",2.2343035330802707,0.4691311881060727,0,0.9100101160691468
5429,13939,08e53514-5aef-489a-8d6b-cdbb3be6a5b0,1,Card not working,card work,topic #19,"card, debit, debit card, new, new debit, replacement",1.6791422911349578,-0.08603005383924067,0,0.9516401683752308
14561,36847,37631d9d-6b69-45e0-a709-b0a75f80cd6f,3,What's the check-hold policy?,check hold policy,topic #12,"check, check account, cashier check, cashier, check balance, deposit check",2.1857296525771495,0.4205573076029505,1,0.9998430808783317
13127,33176,75b17eb5-1108-4553-9040-753955286b10,3,I need help from an agent,agent,topic #1,"agent, speak, talk, live, please, question",1.0,-0.7651723449741985,0,0.9495649197822837
12445,31429,b980d460-b13e-4bc0-8397-8c9558a6fab4,7,boo,boo,topic #0,"talk real, talk, real person, real, person, human",0.0,-1.7651723449741985,0,0.7698274353551865
33393,83208,08387905-51dd-4afe-9821-f4f04aef1520,3,Want to set up online banking,set online banking,topic #18,"online, online banking, banking, log online, account online, online account",2.2005195556368222,0.4353472106626237,0,0.8938465013926752
29501,73809,da905e03-0f64-4d98-953a-ede582c33b96,1,Set up online account for my credit card payments ,set online account credit card payment,topic #9,"credit card, card, credit, know, know credit, apply credit",3.0349773492398566,1.269805004265658,0,0.8961675168189664
10579,26756,ae1525c9-0f36-485d-a14d-7283f6264ce5,1,name change,name change,topic #48,"pin, change, change pin, address, find, card pin",1.4080251830366273,-0.35714716193757123,1,0.9712125650959027
23502,58999,3ec68f87-a380-4f09-b9d7-c5e88adae078,3,Speak to a real person,speak real person,topic #15,"person, real, real person, speak, chat, live person",1.9017625547795325,0.13659020980533376,0,0.9384871049693357
27025,67822,26095bc5-de20-4cad-8c89-3dc36b421c8f,5,Contact info,contact info,topic #28,"info, contact info, contact, account info, update account, update",1.7198680447744938,-0.04530430019970466,0,0.727939614368589
6467,16584,f515770f-d2d7-44a9-bfb6-fe2870f40756,1,mortgage preaproval,mortgage preaproval,topic #27,"mortgage, mortgage rate, mortgage loan, refinance mortgage, mortgage refinance, current mortgage",1.0,-0.7651723449741985,0,0.6614314988523831
31485,78581,ef576614-8b21-4afc-9acb-7588a218a397,7,application loan link does not work,application loan link work,topic #35,"application, status, status loan, loan application, check status, loan",1.9258081743537676,0.16063582937956888,0,0.9314041822678825
10507,26578,5b5aebc1-df43-4eae-b453-e3fa3709660d,3,What if I can't make my loan payments?,make loan payment,topic #25,"payment, make, loan payment, make loan, skip, skip payment",2.182441008014462,0.4172686630402633,1,0.999573638763088
11202,28319,9a511a39-91f4-423c-8bbf-fe075b6fec51,3,How do I log in to online banking?,log online banking,topic #18,"online, online banking, banking, log online, account online, online account",2.21948550385759,0.4543131588833915,1,0.999462008267204
16653,42099,f1259d5b-70e7-4a30-835b-fa2adb7e4fef,3,Checking account for children,check account child,topic #12,"check, check account, cashier check, cashier, check balance, deposit check",2.1146926599297657,0.34952031495556724,0,0.9038312527680028
16038,40539,5ff1bea6-2684-45f8-8adb-b61a83220f88,1,do i have to be a member to get a loan?,member loan,topic #2,"loan, car, car loan, personal, personal loan, loan payment",1.4024132033641779,-0.3627591416100204,1,0.9199551914442198
32872,81954,35b6e8ec-e1d9-4b27-a35b-bdea84cc8af5,5,I really need to talk to someone in person,really talk someone person,topic #0,"talk real, talk, real person, real, person, human",2.1069434391328503,0.3417710941586518,0,0.9569248469745468
6721,17223,2c78fe6b-37f7-489c-9d06-c1f1c9339f52,5,I don't know my User ID,know user id,topic #9,"credit card, card, credit, know, know credit, apply credit",1.98610657228248,0.2209342273082815,0,0.809251627833292
28843,72230,f995b530-fb97-420d-9c96-a051db5ae880,3,Log in,log,topic #10,"log, log online, log account, try log, trouble, unable",1.0,-0.7651723449741985,0,0.8937199565410388
1962,4996,f9898f41-c38d-4f02-84fd-771a14cddb4a,1,agent,agent,topic #1,"agent, speak, talk, live, please, question",1.0,-0.7651723449741985,0,0.8078828732031507
4362,11195,d18f6061-ec28-4348-90b6-ad030a4d2f0a,9,Speak w representative,speak w representative,topic #15,"person, real, real person, speak, chat, live person",1.4117146875329132,-0.3534576574412853,0,0.7453488129738888
4282,10990,1b9f933c-b5fa-4247-9952-314a2996df8d,2,What are your CD rates,cd rate,topic #11,"rate, interest, interest rate, mortgage rate, current, loan rate",1.6825647438217186,-0.08260760115247989,1,0.9891371725558802
16135,40786,b34515a9-e1c1-4374-a38b-fd2cb1f7e310,2,Changing flights booked with points,change flight book point,topic #45,"point, reward, reward point, redeem, use, redeem point",1.6942578307807774,-0.0709145141934211,0,0.8583531349372066
21962,55221,b6e91b5c-ea0e-419a-a921-8230177e33a4,1,online banking is not working,online banking work,topic #18,"online, online banking, banking, log online, account online, online account",1.9933185503656576,0.22814620539145936,0,0.9668666383692922
15912,40225,c762e6f0-ad5c-49ec-8928-a421406db644,7,I started an application and saved it. How can I find it,start application save find,topic #35,"application, status, status loan, loan application, check status, loan",1.976440790551019,0.21126844557682056,1,0.8703336857687639
32933,82097,abd29f0b-22fc-4447-9d74-f23572378e46,3,Branch/ATM locations,branch / atm location,topic #14,"branch, branch atm, atm, location, atm location, branch open",2.222951311313415,0.4577789663392167,0,0.7145940384497362
27782,69653,e5e24244-9985-4be9-9ed4-b858a6a7e8d2,1,I need to withdraw money from my account,withdraw money account,topic #40,"money, transfer money, market, money market, transfer, market account",2.140716199789509,0.3755438548153107,0,0.9118105874319974
9323,23654,ae26c98e-0068-440b-8312-1d1fd66e8301,1,DIFFERENCE BETWEEN MEMBERSHIP SAVINGS ACCOUNT AND SHARES II SAVINGS?,difference membership saving account shares ii saving,topic #44,"saving, checking, saving account, checking account, account, open checking",2.093954658235605,0.3287823132614067,0,0.9281061677077035
20099,50581,f5630f61-6a89-4b4a-962d-098f8cf74889,1,What is a jumbo,jumbo,topic #0,"talk real, talk, real person, real, person, human",0.0,-1.7651723449741985,1,0.9983386352217252
31592,78838,d2870a2f-17f9-4a0e-94e6-23c1cd6bfb82,1,How long does my credit card start working again? ,long credit card start work,topic #9,"credit card, card, credit, know, know credit, apply credit",2.3949372991619144,0.6297649541877159,1,0.9710910499044709
15264,38635,ed02b229-0e33-4608-8647-64dfd6cd6c78,1,How can I buy plane tickets with my points?,buy plane ticket point,topic #45,"point, reward, reward point, redeem, use, redeem point",1.4085012914372441,-0.3566710535369546,1,0.9807481904586933
7153,18257,98f69582-6ac2-4ff3-b0a9-bdd37e74b535,1,Cashing my points,cash point,topic #45,"point, reward, reward point, redeem, use, redeem point",1.41417494361112,-0.3509974013630785,0,0.7694454725502682
30958,77314,0a3faeff-2c6b-4074-bea3-0f9d9c58b13e,1,I would like to see my account online. Thanks,see account online thank,topic #21,"thank, ok, ok thank, nothing, okay, look",2.177340088473441,0.41216774349924296,0,0.9433983899771304
23213,58290,afcee1ef-f1f1-495d-a045-5cb785e50ada,1,Is this a real person?,real person,topic #15,"person, real, real person, speak, chat, live person",1.732009839950566,-0.03316250502363238,0,0.9945902543239263
26419,66360,f803ecab-afcd-4e7f-b9ee-cbf4b6efc141,5,dose that stop payments too?,dose stop payment,topic #25,"payment, make, loan payment, make loan, skip, skip payment",1.6923680666606131,-0.07280427831358538,0,0.8182338791866306
20681,52026,93bda27e-ebc3-4553-a03a-a53a0296ec64,3,I’m still stuck,still stick,topic #47,"bank, statement, bank statement, bank account, bank card, transfer",1.0,-0.7651723449741985,0,0.8362374937684287
1632,4171,e9c7ebe2-8c91-48a9-886d-4764aad919b2,5,posh,posh,topic #0,"talk real, talk, real person, real, person, human",0.0,-1.7651723449741985,0,0.7607104133583558
7103,18129,c5aa7487-7b1f-43eb-8244-0df003f4bbd7,3,I want to know more about your credit cards.,know credit card,topic #9,"credit card, card, credit, know, know credit, apply credit",2.1802154577434063,0.4150431127692078,0,0.8384743969488995
6604,16925,9a601268-3497-4082-93f7-64b0770ebb74,9,How do I make changes to my title?,make change title,topic #48,"pin, change, change pin, address, find, card pin",2.186634242183104,0.4214618972089055,1,0.9985239044154848
14737,37296,31a7be9d-ebaf-4e48-9721-7c79227adeb6,1,Do i have enough points to reverse a over draft fee?,enough point reverse draft fee,topic #45,"point, reward, reward point, redeem, use, redeem point",1.956135963538422,0.1909636185642236,0,0.5731293819860481
6608,16934,71478aa0-1d0a-4088-ba4b-2f3cddd3983c,3,fees,fee,topic #20,"transfer, wire, wire transfer, international, domestic, international wire",1.0,-0.7651723449741985,0,0.7607104133583558
10439,26407,321f0e31-2e26-484c-902a-2a0420d88840,3,100 homestead road apt 9 mankato MN <NUMERICAL>,100 homestead road apt 9 mankato mn < numerical >,topic #0,"talk real, talk, real person, real, person, human",1.721078258468092,-0.04409408650610636,0,0.819193772333289
22734,57114,0feda7ec-d6fc-4a32-9e6f-2b3c29b3fc31,5,When is the Roseville Branch drive up window open?? Thank you,roseville branch drive window open thank,topic #21,"thank, ok, ok thank, nothing, okay, look",2.747446643994508,0.9822742990203092,1,0.6520816583726653
31440,78473,12333d6e-a2bb-453c-b934-5be00ba66c6c,27,what is your name?,name,topic #48,"pin, change, change pin, address, find, card pin",1.0,-0.7651723449741985,1,0.9996577330082163
13620,34420,85b3d276-95fb-4d56-ab82-3dc4952b612a,1,I qualified with you guys for an auto loan. I am now looking at buying from a private party. What are the next steps? How long before I have to get the title to you? The party I am buying from has to pay off their loan and then they will get the title. Please advise..,qualify guy auto loan look buy private party next step long title party buy pay loan title please advise,topic #32,"auto, auto loan, refinance auto, pay auto, apply auto, payoff",3.42767606136328,1.6625037163890812,0,0.5371171229060201
22332,56129,30d82232-db77-4ea1-a6b8-2a7025fd7eee,3,How do I refinance?,refinance,topic #22,"refinance, refinance rate, refinance information, information, refinance mortgage, car",1.0,-0.7651723449741985,1,0.9999937196778592
22676,56973,e399b31c-d079-4bc3-8a0d-a396c63b1afd,11,Can't log in,log,topic #10,"log, log online, log account, try log, trouble, unable",1.0,-0.7651723449741985,0,0.8051143620189305
17284,43674,2d929c48-1d92-4a48-aefe-d029ced749f6,9,What's my Member Number?,member number,topic #24,"member number, member, number, find member, find, transfer member",1.7111330934378524,-0.05403925153634615,1,0.9993454863114388
32335,80654,58ab44bc-b792-45b0-a216-d88a335398c2,1,Hello. I lost my debit card. I called the lost card number last night to report it. They told me to call you all in the morning.,lose debit card call lost card number last night report tell call morning,topic #19,"card, debit, debit card, new, new debit, replacement",3.3431617707243615,1.5779894257501634,0,0.9513161263237412
22416,56334,527ebcb0-2867-4e81-b8b5-2912e6756cec,3,When do stimulus checks get in?,stimulus check,topic #12,"check, check account, cashier check, cashier, check balance, deposit check",1.6693930060335702,-0.09577933894062828,1,0.9999008543331693
3315,8505,3733e794-1899-4ad0-802c-5994bff92d56,3,how do I find out if someone deposited my check into their account?,find someone deposit check account,topic #26,"deposit, deposit check, mobile, mobile deposit, phone, direct",2.5934640707019927,0.8282917257277942,1,0.9936178524074264
25439,63934,0ececad7-2166-4b9d-b8f1-fc3a405ad0cf,6,nce,nce,topic #0,"talk real, talk, real person, real, person, human",0.0,-1.7651723449741985,0,0.7611690295994885
4580,11752,c7c3bc27-8e5a-4236-96e8-5700954b07ed,1,Skip a payment,skip payment,topic #25,"payment, make, loan payment, make loan, skip, skip payment",1.7087188208063375,-0.056453524167860765,0,0.7822204984240507
16125,40758,d24e7442-e06d-45d5-81e2-b8b70ba511a5,1,Verified by visa,verify visa,topic #36,"pay, bill, bill pay, pay loan, much, pay bill",1.410373457160448,-0.3547988878137505,0,0.8943337777227311
7018,17920,2c8d7310-cc47-4443-b76d-c17b32d5f8ee,3,No,no,topic #17,"no, help, need, need help, you, ever",1.0,-0.7651723449741985,0,0.9667813562102596
5988,15365,25a893af-75ab-4e53-a7e2-13d9606cf79a,1,fax # to fraud department,fax # fraud department,topic #19,"card, debit, debit card, new, new debit, replacement",1.7244451919260442,-0.04072715304815433,0,0.778651863383887
8654,21973,9038d376-9a25-461e-80ec-5db5a5ac78e1,1,Do I need to be a member to apply for a equity loan?,member apply equity loan,topic #49,"home, home loan, equity, home equity, line, line credit",2.133707908020337,0.3685355630461384,1,0.5327355347024825
26720,67076,741238fa-d945-4385-9deb-1654cdd0c826,7,that login and temporary password didn't work,login temporary password work,topic #29,"digital, digital banking, lock, password, banking, password lock",1.7302482485890849,-0.034924096385113616,0,0.8864580000591045
13636,34466,1b9f933c-b5fa-4247-9952-314a2996df8d,4,What are your cd rates,cd rate,topic #11,"rate, interest, interest rate, mortgage rate, current, loan rate",1.6825647438217186,-0.08260760115247989,1,0.9891371725558802
29604,74070,485c3069-a86e-4dfd-812b-ee4680a06b92,5,Report Fraud,report fraud,topic #19,"card, debit, debit card, new, new debit, replacement",1.7299346069875998,-0.03523773798659868,0,0.728470072470437
28642,71736,f5c8e6ef-7da9-4d36-b44d-6b15fc2d5646,3,View transactions,view transaction,topic #47,"bank, statement, bank statement, bank account, bank card, transfer",1.714599763560212,-0.050572581413986566,0,0.7766601625701497
19868,50030,e88de9d5-c23e-40c1-ad27-85e0b0a555d0,1,What is your ABA number?,aba number,topic #33,"account number, number, account, checking account, savings account, phone",1.0,-0.7651723449741985,1,0.9864705935590657
31320,78182,b1305ece-8947-4316-a025-ca1f0170c251,1,Stop and automatic debit ,stop automatic debit,topic #19,"card, debit, debit card, new, new debit, replacement",1.7126377989160468,-0.05253454605815167,0,0.9069291920938598
8710,22113,528ac420-eaed-4453-91fb-0d5307e12f16,1,security questions,security question,topic #41,"affinity, plus, affinity plus, offer, plus account, external",1.7208690155684052,-0.04430332940579329,0,0.8188717672301131
13684,34595,7f207a49-53cc-421b-8045-3e1ae31a22e2,1,I need to talk to the solutions department ,talk solution department,topic #0,"talk real, talk, real person, real, person, human",1.3194895513380671,-0.4456827936361314,0,0.9287809239233284
22461,56444,9f699951-995d-4804-b135-d9f5b4c7c063,1,Credit card increase,credit card increase,topic #9,"credit card, card, credit, know, know credit, apply credit",1.9479881333577458,0.1828157883835475,0,0.744109524401013
16670,42141,42777cc7-16a5-4a94-8b70-8267b3c40467,3,How do I deposit a check from my phone?,deposit check phone,topic #26,"deposit, deposit check, mobile, mobile deposit, phone, direct",2.1845209811244617,0.4193486361502632,1,0.9984597719606794
4753,12205,8ec26f0c-0acf-4f7d-847b-a04561049240,3,gift card ,gift card,topic #19,"card, debit, debit card, new, new debit, replacement",1.6789626525502968,-0.08620969242390175,0,0.8694125701050599
23285,58461,12cffe23-7924-4592-974c-fa037c8b87f7,15,i want to log in,log,topic #10,"log, log online, log account, try log, trouble, unable",1.0,-0.7651723449741985,0,0.9146591191857038
30709,76721,8a97ce60-8e5a-4230-a219-3ece03257545,7,I can't remember my member number ,remember member number,topic #24,"member number, member, number, find member, find, transfer member",1.9431503105758203,0.17797796560162182,0,0.8254481251410813
4991,12813,5c585156-b5ca-4aea-a201-7d0e748bb7fe,1,Agent,agent,topic #1,"agent, speak, talk, live, please, question",1.0,-0.7651723449741985,0,0.8078828732031507
20739,52175,bee6e887-0983-4b52-a37d-0ff8a7b0a2c7,3,How do I open more accounts?,open account,topic #16,"open, open account, lobby, lobby open, fee open, fee",1.6984629393371202,-0.06670940563707828,1,0.9999998131159565
7804,19857,9402f55d-c7c5-448e-9e8e-3f00932767e5,5,How do I change my contact information?,change contact information,topic #48,"pin, change, change pin, address, find, card pin",2.187654544979903,0.4224822000057047,1,0.9995845906666806
31337,78223,898bd8b1-3777-4d5d-9d03-feb528cf4709,7,Is there an email?,email,topic #48,"pin, change, change pin, address, find, card pin",1.0,-0.7651723449741985,0,0.9506131987428146
22387,56264,4edfc288-100c-4048-a9cf-7a68abd04a89,3,How do I dispute a charge?,dispute charge,topic #19,"card, debit, debit card, new, new debit, replacement",1.726931561065518,-0.03824078390868047,1,0.9999921010316021
26780,67222,11ab2047-6cd4-4739-be97-133ddf7a2af4,9,Become a Member,become member,topic #8,"become, become member, member, member qualify, anyone become, anyone",1.7252814369822342,-0.03989090799196426,0,0.9602184866686994
937,2414,573d79cb-1c67-423d-9cb3-c624114f0bfe,5,What's my card's PIN?,card 's pin,topic #48,"pin, change, change pin, address, find, card pin",1.6655716180708326,-0.09960072690336584,1,0.9985596694080086
29824,74594,049e39b1-90fb-4f3d-9bff-a5dea9ccfc46,11,member log-in is not populating,member log populate,topic #10,"log, log online, log account, try log, trouble, unable",1.4105645442345225,-0.35460780073967624,0,0.9820595443846836
24994,62795,246ead35-ec92-4d43-891e-90e2224fa955,23,What's Regulation D?,regulation,topic #28,"info, contact info, contact, account info, update account, update",1.0,-0.7651723449741985,1,0.999999852874509
12429,31390,f749d849-8251-46ca-ac93-2ea3c444ada1,1,what is the routing number?,route number,topic #5,"route, route number, number, phone number, phone, find",1.7221945691269671,-0.04297777584723117,1,0.996682653509011
31266,78052,78568152-3765-4822-a603-b2baf5419c1b,9,hardship,hardship,topic #0,"talk real, talk, real person, real, person, human",1.0,-0.7651723449741985,0,0.7962947182941514
28054,70305,a7a475a2-261e-4095-b44d-0c53306d7300,1,Can I deposit a check from my phone?,deposit check phone,topic #26,"deposit, deposit check, mobile, mobile deposit, phone, direct",2.1845209811244617,0.4193486361502632,0,0.7348723790754641
2716,6964,1405e706-5497-4361-892f-1253b1674a77,1,I am trying to locate a notary republic.,try locate notary republic,topic #18,"online, online banking, banking, log online, account online, online account",1.7090216566880605,-0.05615068828613823,0,0.7729880119583594
22814,57305,56020c97-5bf4-4d4a-9eb5-9bcba91d120f,1,Can’t log in my account ,log account,topic #10,"log, log online, log account, try log, trouble, unable",1.6502624024340815,-0.11490994254011674,0,0.8486782793436976
22574,56721,6227ed1c-3176-472d-9c25-5c913f590987,1,I'd like to become a member,become member,topic #8,"become, become member, member, member qualify, anyone become, anyone",1.7252814369822342,-0.03989090799196426,0,0.9838462995957564
18401,46459,6e7be948-fcef-46be-90d4-6753e5cef006,1,Home equity loan,home equity loan,topic #49,"home, home loan, equity, home equity, line, line credit",2.16553963516348,0.4003672901892814,0,0.8106773578753007
8906,22611,2530ad63-5620-49e9-8939-7ca9ea8834ab,7,"No thanks. Found what I needed,",thank find,topic #21,"thank, ok, ok thank, nothing, okay, look",1.4141087306896822,-0.3510636142845163,1,0.9991219516401929
23515,59030,b0b5342b-5df1-46d9-82ba-22060014da4e,17, .... . . . . , ,topic #0,"talk real, talk, real person, real, person, human",0.0,-1.7651723449741985,0,0.7607104133583558
11909,30095,f55178a8-d678-4fef-9ec2-b174269a41db,5,routing,route,topic #5,"route, route number, number, phone number, phone, find",1.0,-0.7651723449741985,0,0.7385287332089572
14071,35588,3287cf23-50fa-41f8-b082-9c61de696d9d,5,CREDIT CARD,credit card,topic #9,"credit card, card, credit, know, know credit, apply credit",1.7204737484693997,-0.04469859650479902,0,0.7623075653146397
29542,73911,0a2d8edb-0249-4a0f-affb-f96ef9462dc2,1,How can I apply for a loan?,apply loan,topic #13,"apply, apply loan, loan, apply credit, apply auto, ppp",1.7083553833282874,-0.0568169616459111,1,0.9994542438001797
16590,41943,e709524c-9ba2-49e5-a242-be5c10ab29d6,1,trailer loan,trailer loan,topic #2,"loan, car, car loan, personal, personal loan, loan payment",1.0,-0.7651723449741985,0,0.6946845182685822
174,440,ea0d9088-c46f-4e81-aedc-3902e2e4193b,1,"What is the routing number for Lakeville, Minnesota?",route number lakeville minnesota,topic #5,"route, route number, number, phone number, phone, find",1.9428384088647623,0.17766606389056405,1,0.9652631488115412
22543,56644,fb9f2d14-5aa0-4c96-9a97-71a2c50b86bb,25,shit,shit,topic #0,"talk real, talk, real person, real, person, human",0.0,-1.7651723449741985,0,0.7607104133583558
21784,54772,1b6b1f3e-37e8-4c6e-bd02-a7ad47e9da3f,1,How can I get a card or become a member online ,card become member online,topic #8,"become, become member, member, member qualify, anyone become, anyone",2.2194836876493307,0.4543113426751322,1,0.9937978110208168
777,1995,849871cb-8c6f-4fdb-8012-5e0aeb2d7e0e,1,Bill pay is not working. When will it be up and running?,bill pay work run,topic #36,"pay, bill, bill pay, pay loan, much, pay bill",2.198595464826837,0.43342311985263904,0,0.664681165619827
27736,69544,f368062a-19cd-44b2-bd97-700c412fa6ed,3,Check balance,check balance,topic #23,"balance, check balance, balance transfer, account balance, fee balance, fee",1.7000702754007508,-0.06510206957344744,0,0.7894232168226791
30937,77265,4ec19e6a-c59a-4b5e-b8cd-d5c67b8693ec,7,Paid a wrong bill.Want to paid the right out of my account,pay wrong bill paid right account,topic #36,"pay, bill, bill pay, pay loan, much, pay bill",2.1552333655078297,0.3900610205336312,0,0.8933327249541563
9831,24891,7828afb6-da9c-49f7-85d8-42ce71490c62,3,What’s the number for a payment by phone,’ number payment phone,topic #25,"payment, make, loan payment, make loan, skip, skip payment",1.7171516427901392,-0.048020702184059294,1,0.9962692491957472
11809,29849,1e0fa27b-4355-46a7-9b06-a8edf1fea3b1,5,Do affinity plus use zelle ,affinity plus use zelle,topic #41,"affinity, plus, affinity plus, offer, plus account, external",2.21954893218184,0.4543765872076418,1,0.8747247706248037
10212,25835,2003f9de-7a83-40a8-9235-b36e01f210e3,1,Do debt cards attached to savings accounts have foreign transaction fees?,debt card attach saving account foreign transaction fee,topic #44,"saving, checking, saving account, checking account, account, open checking",2.731312363285684,0.9661400183114852,1,0.6059712601850012
7914,20137,1670a445-d9fc-4717-b4c8-1792691b24b3,1,Fraud transactions on my account.,fraud transaction account,topic #7,"account, check account, close, close account, open account, add",1.667646301301331,-0.09752604367286756,0,0.8182177975794634
9211,23372,5e8eabb8-db91-4aa3-a1ae-43a3e1e65f27,7,What's the rate on your credit cards?,rate credit card,topic #9,"credit card, card, credit, know, know credit, apply credit",2.1460203311266453,0.3808479861524468,1,0.9931615888815495
18686,47166,8c3ecc99-c1f8-43ac-8a2f-2dacef5c9d13,5,How do I get a Verification of Deposit (VOD) letter?,verification deposit vod letter,topic #26,"deposit, deposit check, mobile, mobile deposit, phone, direct",2.610242809478626,0.8450704645044274,1,0.9998586956554043
3995,10267,418f76fe-9de9-4f32-8a8a-716574033d01,1,I was wondering if it's possible to get a debit card for my checking account?,wonder possible debit card checking account,topic #19,"card, debit, debit card, new, new debit, replacement",2.7553073348849035,0.9901349899107049,0,0.745674444671689
8511,21614,f2888c41-960b-44ef-bc78-7514a8d50029,3,How do I apply for the Paycheck Protection Program (PPP)?,apply paycheck protection program ppp,topic #13,"apply, apply loan, loan, apply credit, apply auto, ppp",2.967647616314152,1.2024752713399531,1,0.9949618629195379
8066,20508,67a1dfad-79a3-46aa-9326-95e894c2d2ce,3,What's your SWIFT code for international wire transfers?,swift code international wire transfer,topic #20,"transfer, wire, wire transfer, international, domestic, international wire",2.9777355450677097,1.2125632000935112,1,0.9895808452681516
16296,41191,e0def191-60c8-4644-a6e4-d06e97e4f8fb,3,What is the interest rate on a 2008 auto loan,interest rate 2008 auto loan,topic #32,"auto, auto loan, refinance auto, pay auto, apply auto, payoff",2.4078819546945884,0.6427096097203899,1,0.989264901301318
9797,24808,13e9adaa-f852-45c9-bf37-e167ab0590e5,3,$511.52 went missing from my checking account. I want to find out what happened.,$ 511.52 go missing checking account find happen,topic #44,"saving, checking, saving account, checking account, account, open checking",2.3925717322282325,0.6273993872540339,1,0.9618745826034766
18988,47914,9e21f0cb-a451-4294-9dc1-3b02bd56c345,3,I don't see my points,see point,topic #45,"point, reward, reward point, redeem, use, redeem point",1.4134331126343125,-0.35173923233988597,0,0.8324285546682666
29414,73604,1f26ecf0-b879-4e76-89c1-e6816156fee0,3,Stolen or replacement card,steal replacement card,topic #19,"card, debit, debit card, new, new debit, replacement",2.17648195340186,0.4113096084276615,0,0.8274907895294614
8669,22011,81b149e2-0fec-4e94-8bb9-70e093b6635f,5,How do I transfer to other members?,transfer member,topic #20,"transfer, wire, wire transfer, international, domestic, international wire",1.6707006787434349,-0.09447166623076364,1,0.9998971615124627
26110,65605,af17458a-40ce-4168-b614-f6f91c441618,5,What are my transfer limits?,transfer limit,topic #20,"transfer, wire, wire transfer, international, domestic, international wire",1.6870305204549083,-0.07814182451929019,1,0.9971843166739375
17531,44290,e1c00b32-5a35-4459-bc60-53146a22d67d,1,What's the routing number?,route number,topic #5,"route, route number, number, phone number, phone, find",1.7221945691269671,-0.04297777584723117,1,0.9998005996966779
12163,30713,380c10a1-f9ee-4b58-a021-2bc9e496731c,3,My debit card is going to expire soon,debit card go expire soon,topic #19,"card, debit, debit card, new, new debit, replacement",2.3725939759662937,0.6074216309920957,0,0.9138871424815673
1502,3843,a3f4de91-09a6-4803-bf3b-a32f4204e39e,3,no,no,topic #17,"no, help, need, need help, you, ever",1.0,-0.7651723449741985,0,0.9667813562102596
31194,77881,670c94d0-5489-4211-93e5-fc95cc06d018,1,Can I defer my Visa and holiday loan payments for 3 -4 months? ,defer visa holiday loan payment 3 -4 month,topic #25,"payment, make, loan payment, make loan, skip, skip payment",2.3726615663667654,0.6074892213925664,0,0.8640980767443693
31594,78842,d2870a2f-17f9-4a0e-94e6-23c1cd6bfb82,5,Just browsing,browse,topic #0,"talk real, talk, real person, real, person, human",1.0,-0.7651723449741985,0,0.8183448515264402
12496,31554,07526a8a-54f1-498f-a146-c9e348c94316,5,i have restricted access,restrict access,topic #18,"online, online banking, banking, log online, account online, online account",1.0,-0.7651723449741985,0,0.836209839693357
23241,58358,0bee3609-7676-4d4c-a1a3-1f6ac107fda2,3,Banking statement ,banking statement,topic #47,"bank, statement, bank statement, bank account, bank card, transfer",1.4080424808936258,-0.3571298640805727,0,0.7827371208169502
25130,63132,43f51ee6-f07e-4e0f-8f24-aff50502f988,3,I want to talk to a real person,talk real person,topic #0,"talk real, talk, real person, real, person, human",2.2343035330802707,0.4691311881060727,0,0.9100101160691468
14980,37908,f42bad2c-07d0-4a90-82dd-111ca1c75db5,13,are there fees for accounts,fee account,topic #7,"account, check account, close, close account, open account, add",1.3710969726273154,-0.3940753723468831,0,0.8735369573946754
15249,38595,1150d1bf-9dd3-442c-899a-6237c2755d3b,1,how do I check deposit by mail,check deposit mail,topic #26,"deposit, deposit check, mobile, mobile deposit, phone, direct",1.9455086947867768,0.1803363498125783,1,0.9996813826822367
15920,40244,47804b19-9b0b-428f-a6b1-7fe1da1f0683,5,How do I get a replacement card?,replacement card,topic #19,"card, debit, debit card, new, new debit, replacement",1.6801776807297997,-0.08499466424439882,1,0.9999582094783355
11463,28973,2b93f8b7-8b1c-4549-9ce4-9f994a094437,1,What's the best type of savings account for us,good type saving account,topic #44,"saving, checking, saving account, checking account, account, open checking",2.1792331521054846,0.4140608071312861,1,0.9978792134925124
1821,4631,e98894ac-628b-4e6e-8392-ecb9322b4fe1,9,Fha loan,fha loan,topic #2,"loan, car, car loan, personal, personal loan, loan payment",1.0,-0.7651723449741985,0,0.6406482136882083
34242,85255,b2d6b4f9-a57f-4dbe-a585-1ce3cb2e285d,3,I was not sure of his request. How can I speak with a live person?,sure request speak live person,topic #15,"person, real, real person, speak, chat, live person",2.3878763406011347,0.6227039956269367,1,0.8577676754267916
10678,27004,43bfb405-d5bc-4969-8f9b-02c8784a4e20,5,What are your credit card benefits?,credit card benefit,topic #9,"credit card, card, credit, know, know credit, apply credit",2.1431492917767896,0.3779769468025911,1,0.9851322823441483
22587,56749,dd42a317-0461-4a84-9e6a-9b58591274cf,1,Updated rates?,updated rate,topic #11,"rate, interest, interest rate, mortgage rate, current, loan rate",1.0,-0.7651723449741985,0,0.7633671388498283
8071,20520,efa04ce1-bdc5-400d-9732-ff83891fda64,3,I forgot my username ,forgot username,topic #29,"digital, digital banking, lock, password, banking, password lock",1.7255836255156547,-0.039588719458543815,0,0.7505348144938209
32473,80984,3b69899d-4e89-4498-958b-37d8478c81cf,1,When closed?,close,topic #7,"account, check account, close, close account, open account, add",1.0,-0.7651723449741985,1,0.9977419570877423
34180,85111,ac302e7e-b188-4028-a380-935e85ec239c,1,I overpaid my visa balance can you refund the difference ,overpay visa balance refund difference,topic #23,"balance, check balance, balance transfer, account balance, fee balance, fee",1.9672608082708705,0.20208846329667174,0,0.8356902216037012
404,1019,21366492-412a-4c8e-9182-6bfcabc4f888,1,routing number for checking account,route number check account,topic #5,"route, route number, number, phone number, phone, find",2.4027465554191005,0.6375742104449019,0,0.9022385452064424
6504,16678,4893d7aa-300e-41da-8057-a08a04e7ee03,3,What loans do you have?,loan,topic #2,"loan, car, car loan, personal, personal loan, loan payment",1.0,-0.7651723449741985,1,0.9998130997871736
1275,3268,39328c3a-7874-4cbf-ac01-dd6bfe7739f1,3,AGENT,agent,topic #1,"agent, speak, talk, live, please, question",1.0,-0.7651723449741985,0,0.8078828732031507
31119,77702,930a0b67-ac9b-4a49-b273-aa94414762a9,1,Actually I’m trying to find out how much money is on my card but I don’t remember my username and I don’t know but the last digits of my member number ,actually try find much money card remember username know last digit member number,topic #24,"member number, member, number, find member, find, transfer member",3.760513335569412,1.9953409905952135,0,0.8228810732769762
32849,81901,4be3c601-621e-4843-acd8-89df9ebc7c61,1,I was trying to pay my Visa credit card through the Account Pay Now tab and it says it can't open in Safari. What has happened. I prefer paying directly to mail in.,try pay visa credit card account pay tab say open safari happen prefer pay directly mail,topic #36,"pay, bill, bill pay, pay loan, much, pay bill",3.11879859702537,1.3536262520511717,0,0.6428052713128379
7384,18832,83f4d00b-577d-4b22-ad54-85cb24d01344,2,Rewards amazon gift card ,reward amazon gift card,topic #45,"point, reward, reward point, redeem, use, redeem point",2.1734626121972167,0.40829026722301853,0,0.8589491889737025
24618,61838,abbdf4c1-4021-4714-98a9-63fc77930b6e,3,I want to know about the savings account you guys have,know saving account guy,topic #44,"saving, checking, saving account, checking account, account, open checking",2.1758201036917404,0.4106477587175419,0,0.9321022093390766
10035,25391,08689358-7b0a-47e1-846c-8c3a27acf5ce,3,Bye!,bye,topic #0,"talk real, talk, real person, real, person, human",1.0,-0.7651723449741985,0,0.7826936291784986
19870,50034,e88de9d5-c23e-40c1-ad27-85e0b0a555d0,5,What is your DDA number,dda number,topic #33,"account number, number, account, checking account, savings account, phone",1.0,-0.7651723449741985,1,0.9846624923862569
20301,51091,5324ef83-7ee9-4570-8b69-0bc914011bdf,9,How do I unfreeze my credit card,unfreeze credit card,topic #9,"credit card, card, credit, know, know credit, apply credit",1.7204737484693997,-0.04469859650479902,1,0.9996758332551229
32270,80496,4e72f7ad-b9e3-439e-a84b-90e4a8417543,3,digital banking,digital banking,topic #29,"digital, digital banking, lock, password, banking, password lock",1.7229259645247992,-0.042246380449399316,0,0.829370130119703
17524,44271,cfec78a9-2db6-43e9-859b-a9a682580b8d,3,What are your rates?,rate,topic #11,"rate, interest, interest rate, mortgage rate, current, loan rate",1.0,-0.7651723449741985,1,0.9923143708885208
22961,57669,caadc163-96fe-4853-90f0-7a0533f9ef5b,1,PPP,ppp,topic #35,"application, status, status loan, loan application, check status, loan",1.0,-0.7651723449741985,0,0.7733134543798331
5551,14244,31dbc9c9-1447-42b0-860c-ac758c1d9ef0,1,how much is a wire transfer,much wire transfer,topic #20,"transfer, wire, wire transfer, international, domestic, international wire",1.9916043947909872,0.22643204981678866,1,0.9920767665373444
27318,68519,caf58eb1-d290-4fc8-bf28-ae2d6c557439,1,What are the membership  criteria?,membership   criterion,topic #30,"membership, criterion, membership criterion, membership number, start, fee",1.7303291332183046,-0.03484321175589389,1,0.9950313336713259
3592,9224,fc7b8766-c828-419a-88ba-3d9271494884,3,Is the lobby open at the Duluth MN branch yet?,lobby open duluth mn branch yet,topic #16,"open, open account, lobby, lobby open, fee open, fee",2.589793592151996,0.8246212471777976,0,0.9658320321836705
33352,83108,4a9e5c42-e47b-4a1a-bc81-7b14ff5cd9e5,3,I need to reapply for my approved limit,reapply approve limit,topic #34,"atm, use, atm use, limit, use atm, cash",1.4047552598633468,-0.36041708511085147,0,0.8678548182667198
23043,57881,8529a836-7394-4917-971b-751364f8f69d,5,How do I apply for a loan?,apply loan,topic #13,"apply, apply loan, loan, apply credit, apply auto, ppp",1.7083553833282874,-0.0568169616459111,1,0.9999882892924643
18735,47277,1bf0ba14-b020-4933-8d98-2e52a41bea5e,23, K m.j m d =e rhnt r. Mbv rmhm4hkem,  k m.j = e rhnt r. mbv rmhm4hkem,topic #0,"talk real, talk, real person, real, person, human",0.0,-1.7651723449741985,0,0.7607104133583558
1447,3704,2976b900-d017-414a-be9a-f46c0da5b8c6,13,thanks,thank,topic #21,"thank, ok, ok thank, nothing, okay, look",1.0,-0.7651723449741985,0,0.7607104133583558
8604,21840,5ba21d89-20ec-4e49-bc4f-744e222a76e5,1,Mortgage assistance ,mortgage assistance,topic #27,"mortgage, mortgage rate, mortgage loan, refinance mortgage, mortgage refinance, current mortgage",1.3771961208357593,-0.3879762241384392,0,0.7536303877216081
16263,41108,9d1ee05b-8f57-4954-99ff-714c20d018eb,1,Do you have graduate school loans for non business graduate degrees? Web page just says MBA.,graduate school loan non business graduate degree web page say mba,topic #2,"loan, car, car loan, personal, personal loan, loan payment",2.1630849416049,0.3979125966307013,0,0.6719955063068166
1346,3456,4fe0a0d7-df00-4f99-8055-f3a09de95c28,1,is brandi Donahue in the fergus falls branch on vacation today tried emailing her about a refinance?,brandi donahue fergus falls branch vacation today try email refinance,topic #22,"refinance, refinance rate, refinance information, information, refinance mortgage, car",2.2222308717772474,0.4570585268030489,0,0.9182717194169032
23732,59574,b273254a-a3d1-447e-83a1-7d443081ac84,1,opening a money market account,open money market account,topic #40,"money, transfer money, market, money market, transfer, market account",2.3721643094167613,0.6069919644425628,0,0.8535975318074586
10743,27169,87fc28c2-465d-4292-8c06-4cc93c1cca7f,3,How do I reset my username for my account?,reset username account,topic #7,"account, check account, close, close account, open account, add",1.6583388976132576,-0.10683344736094093,1,0.981648328386193
16113,40726,1d21077b-984f-4876-8b45-5bde889cad58,1,"Please add a new feature to the loan calculator. The used automobile loan calculator is odd. If I want to buy a car and know the price, I would like the option to enter in the amount, the loan rate, the down payment, and the trade in value to see the monthly payments. I don't like the option of entering in a monthly payment to see what loan I can afford. That's not helpful to me. If anything, we should have both options to calculate our loans.",please add new feature loan calculator used automobile loan calculator odd buy car know price option enter amount loan rate payment trade value see monthly payment option enter monthly payment see loan afford helpful anything option calculate loan,topic #25,"payment, make, loan payment, make loan, skip, skip payment",4.0290818254099054,2.263909480435707,0,0.91960967439317
25747,64712,7a3e86de-3d13-439b-97d8-50519a0a250f,3,How do I chat with a real person,chat real person,topic #15,"person, real, real person, speak, chat, live person",1.9137214708843693,0.148549125910171,1,0.9995422922144455
18744,47302,6705f6cd-0264-43ab-9763-3159566aa6c1,3,Electronic Statements,electronic statement,topic #47,"bank, statement, bank statement, bank account, bank card, transfer",1.3956183373345827,-0.36955400763961577,0,0.8263160987215431
17746,44820,07386e01-2ed5-420b-beae-34cc07f3ebeb,3,What's my balance?,balance,topic #23,"balance, check balance, balance transfer, account balance, fee balance, fee",1.0,-0.7651723449741985,1,0.999413661788468
20874,52516,0e7d8650-43e2-4469-9cef-f60a7a4d7aa2,1,what address do i mail my home equity loan payment in,address mail home equity loan payment,topic #49,"home, home loan, equity, home equity, line, line credit",2.9347043107527546,1.169531965778556,1,0.9975129301823054
2142,5467,c4fdad15-a6b7-42da-9bdf-c630a10af01d,3,How do I get to a real person,real person,topic #15,"person, real, real person, speak, chat, live person",1.732009839950566,-0.03316250502363238,1,0.9999766834027619
15995,40427,2463fc41-d713-4a66-af93-4e9f3e66a7cc,1,order regular checks on line,order regular check line,topic #31,"order, order check, check, money order, order new, new",1.705389962917797,-0.059782382056401184,0,0.8872526124776107
15493,39197,f46240c0-a336-4d46-8359-9131c4e9baf0,1,Stop payment on a check,stop payment check,topic #25,"payment, make, loan payment, make loan, skip, skip payment",1.9255523122552327,0.16037996728103465,0,0.7301201261115078
22280,56000,151d5f74-75d9-4671-aa5e-67343a406030,1,I forgot my username on the online mobile app,forgot username online mobile app,topic #18,"online, online banking, banking, log online, account online, online account",2.616280818419068,0.8511084734448697,0,0.8685717130014349
16578,41914,97d96c63-a445-42c6-90f0-023369bff000,1,I need to pay a bill using a different card,pay bill use different card,topic #36,"pay, bill, bill pay, pay loan, much, pay bill",2.3812473554124165,0.616075010438218,0,0.9296550209395963
22188,55780,1d33aa45-69a7-429e-9a59-21d22dad1c91,1,Do you guys offer options for teenage debit cards??,guy offer option teenage debit card,topic #19,"card, debit, debit card, new, new debit, replacement",2.3970809147146688,0.6319085697404703,1,0.566989884766877
12550,31691,b076e2c0-5a5c-40ec-b55b-326c2d33d8f5,7,Fraud,fraud,topic #19,"card, debit, debit card, new, new debit, replacement",1.0,-0.7651723449741985,0,0.6852968763712352
15076,38155,69207682-827d-4414-8c3a-4747bd401eef,3,will you refinance a mortgage,refinance mortgage,topic #27,"mortgage, mortgage rate, mortgage loan, refinance mortgage, mortgage refinance, current mortgage",1.6994324280627515,-0.06573991691144697,0,0.7737080448611728
30819,76983,0a611c71-cbd1-4dbf-b729-d9062c1098bf,1,Card declined ,card decline,topic #19,"card, debit, debit card, new, new debit, replacement",1.675770144576231,-0.08940220039796754,0,0.8195303822892137
30254,75625,e49d38f1-aac1-4cd5-8f19-4d7956a41baa,1,Are you all open,open,topic #16,"open, open account, lobby, lobby open, fee open, fee",1.0,-0.7651723449741985,0,0.8694324184025708
32746,81651,d1180b66-5483-425d-94b8-bdebb26fcd4c,7,"Ok, thank you",ok thank,topic #21,"thank, ok, ok thank, nothing, okay, look",1.7118611330624995,-0.053311211911698964,0,0.7110661472552487
10836,27398,992aeb83-ac98-444f-a6ad-022aa3f28828,1,can you get a debit card in the mail ,debit card mail,topic #19,"card, debit, debit card, new, new debit, replacement",1.9634459939496824,0.19827364897548394,0,0.7768309788123186
15671,39645,b209f448-4840-41b2-87b1-ef26bc7a7f8d,1,How do I find my loan details,find loan detail,topic #2,"loan, car, car loan, personal, personal loan, loan payment",1.3738449996208146,-0.3913273453533839,1,0.9991896131965567
7192,18354,b657f1ad-68dc-4cc5-93eb-e18251ab587a,3,I don’t remember my pin for my credit card,remember pin credit card,topic #9,"credit card, card, credit, know, know credit, apply credit",2.172020169432804,0.4068478244586051,0,0.7941859914983673
28489,71370,a1ef1dfc-c5f6-48d3-8efc-49f1d3a4729c,1,I need to update my phone number for verification.,update phone number verification,topic #33,"account number, number, account, checking account, savings account, phone",2.1917825371631143,0.4266101921889158,0,0.9338871907912112
15293,38703,214df148-a8e3-452c-90f3-b891500916b9,7,Trying to figure out how this all works,try figure work,topic #19,"card, debit, debit card, new, new debit, replacement",1.701362703281506,-0.06380964169269254,1,0.9370351731164772
10070,25477,20ab16e6-8d80-470e-8385-1449463b40e3,1,Just checking out the IRA,check ira,topic #12,"check, check account, cashier check, cashier, check balance, deposit check",1.3537134984146904,-0.41145884655950815,0,0.899102128459781
22942,57621,fa136c67-b842-413f-9cd7-46412267f840,3,what is my account number,account number,topic #33,"account number, number, account, checking account, savings account, phone",1.6922304345384305,-0.07294191043576803,1,0.9912330984840289
11572,29250,4b02f7bf-dec0-4787-b1f5-2f076582ff60,3,Because of the stuff going on can we skip a payment for are personal loan,stuff go skip payment personal loan,topic #25,"payment, make, loan payment, make loan, skip, skip payment",2.5855466093220443,0.8203742643478458,0,0.8614057684202743
33221,82787,05fb5c93-0047-44bf-9b71-f10a2d97a233,5,Do not have ATM card,atm card,topic #34,"atm, use, atm use, limit, use atm, cash",1.651246426423266,-0.11392591855093248,1,0.6461861804467111
31048,77531,a7b29323-4a05-4ec1-a476-692a4fd2d948,1,access my account,access account,topic #7,"account, check account, close, close account, open account, add",1.6582598933347408,-0.10691245163945773,0,0.8271340202879081
1964,5001,12c0eeff-fa2c-4868-9daa-6a0387416807,3,No is the lobby open,lobby open,topic #16,"open, open account, lobby, lobby open, fee open, fee",1.699373032451044,-0.06579931252315441,0,0.9786657701932587
13307,33635,3f5143a0-b326-4897-b755-4bdaf1f5da45,3,Third party check,third party check,topic #12,"check, check account, cashier check, cashier, check balance, deposit check",1.322086904429368,-0.44308544054483057,0,0.778278884497385
7439,18966,d30cbcf1-0316-45ad-b32f-2728797d7d71,5,My credit score is 721 can I get credit card with it ?,credit score 721 credit card,topic #38,"score, credit score, credit, check credit, union, credit union",2.1574545293827403,0.3922821844085418,0,0.8219112810080312
1993,5076,6c786094-8319-4b4c-b1e5-ceda3f6e118d,1,I’d like to check to make sure you have my soon-to-be-current address. I’m moving on 6/1/20,check make sure soon current address move 6/1/20,topic #12,"check, check account, cashier check, cashier, check balance, deposit check",2.7628223089536936,0.9976499639794948,0,0.936475907400491
13883,35096,0e9ab4e8-c487-4706-86cf-f24073b19ba2,3,is there a cost?,cost,topic #22,"refinance, refinance rate, refinance information, information, refinance mortgage, car",1.0,-0.7651723449741985,0,0.9452496008563412
31400,78383,f9a9dafc-60cb-4197-bb08-0a080b2d6d99,1,Local branch,local branch,topic #14,"branch, branch atm, atm, location, atm location, branch open",1.3706637834740332,-0.3945085615001653,0,0.8763678214388781
3259,8368,cdf43abc-4da8-4a09-a1c9-b9aa7dfa0b07,3,Can cashier check be ordered online?,cashier check order online,topic #31,"order, order check, check, money order, order new, new",2.1925660074672253,0.4273936624930268,0,0.6307637450361554
17017,42993,20abe50f-02f2-47a7-9c6c-e05ad834182a,5,How do I open a checking account?,open checking account,topic #44,"saving, checking, saving account, checking account, account, open checking",2.1590834510773016,0.3939111061031031,1,0.9999970753999067
31836,79433,89a5475c-66d8-427a-84e5-9da66490f29d,3,Yes,yes,topic #46,"yes, car, please, try, know, work",1.0,-0.7651723449741985,0,0.828695216970188
30600,76455,b3889562-5887-40e1-9505-f88f87749513,1,Product rates,product rate,topic #43,"product, product rate, rate, zelle, expedite title, expect",1.704666177332415,-0.06050616764178352,0,0.7470139146205685
23333,58577,93db49ae-9477-4c9e-9261-2eb35c88321f,4,interest checking,interest checking,topic #44,"saving, checking, saving account, checking account, account, open checking",1.4142129431809058,-0.35095940179329266,0,0.8136564033614385
30000,75009,74c358bd-92e4-44d0-9f89-e1a5fcbd8558,1,Hello. My site isn't working. Is it down?,site work,topic #19,"card, debit, debit card, new, new debit, replacement",1.4001475230689249,-0.3650248219052736,0,0.8826272857058631
12032,30393,f6a63c5a-5971-47f6-814e-bf6bcc94b72a,3,Can I turn my debit card off,turn debit card,topic #19,"card, debit, debit card, new, new debit, replacement",1.9036538103815557,0.13848146540735695,0,0.8274426132097901
9139,23196,6fb74417-0c7b-44a5-a3ec-d8502d3b6eb3,1,pending loan application,pende loan application,topic #35,"application, status, status loan, loan application, check status, loan",1.9306400039646323,0.16546765899043406,0,0.7834173817314989
21232,53406,dadae232-3d80-4d2f-9335-88cfe4d4a2fa,1,Hi I'm wondering about my loan ,wonder loan,topic #2,"loan, car, car loan, personal, personal loan, loan payment",1.348193185680678,-0.4169791592935206,0,0.727510313983901
34199,85157,6c89afbb-7a2b-4c7e-a646-b3247a614227,1,Setup Mobile banking,setup mobile banking,topic #18,"online, online banking, banking, log online, account online, online account",1.9590009660089167,0.19382862103471865,0,0.772518704827066
27864,69850,a6a44cdf-ac17-4534-b137-8532857e9fe8,5,can't remember which email ,remember email,topic #48,"pin, change, change pin, address, find, card pin",1.4106531429738616,-0.3545192020003369,1,0.9893650080615801
3222,8281,4be045d6-23c7-4ea3-b6e9-f6a390815c1b,3,What if I don't have that phone number anymore,phone number anymore,topic #33,"account number, number, account, checking account, savings account, phone",1.6954950899909296,-0.06967725498326892,1,0.9961929406283794
26826,67339,e2e2554e-60e6-4997-85e3-4a854659596d,1,Replacement debit card did not arrive,replacement debit card arrive,topic #19,"card, debit, debit card, new, new debit, replacement",2.157586439682265,0.39241409470806704,0,0.9464091936140703
10072,25482,be3f6b70-637a-4a2f-9c94-90e1a3b0c40f,1,If I transfer money to another account how long is the wait ,transfer money account long wait,topic #40,"money, transfer money, market, money market, transfer, market account",2.5654861437338243,0.8003137987596258,1,0.9074905806823785
20156,50727,851fc421-01b8-4370-bf43-7e96e2b6cf7a,3,Debit card,debit card,topic #19,"card, debit, debit card, new, new debit, replacement",1.7140078936861354,-0.05116445128806313,0,0.7949582882078249
25338,63673,77b2c974-751d-4d87-82f1-341394c41619,3,replace debit card,replace debit card,topic #19,"card, debit, debit card, new, new debit, replacement",1.92492310762786,0.15975076265366162,0,0.8169158033409296
32844,81888,a210404f-bc08-4840-8f7b-37c9290ea512,9,What time does Northwest Plaza close today?,time northwest plaza close today,topic #7,"account, check account, close, close account, open account, add",1.7315929223534678,-0.033579422620730666,1,0.9972465704327929
3503,8981,9575e970-83c7-4efc-89cf-5b345f014f0d,3,how do I deposit a check without a deposit slip,deposit check without deposit slip,topic #26,"deposit, deposit check, mobile, mobile deposit, phone, direct",1.9241489795853977,0.15897663461119935,1,0.9973599819195772
33604,83737,2ec68366-03fc-44f1-828c-dd514a33b1b4,9,Ok so yall do mortgage loans ,ok mortgage loan,topic #27,"mortgage, mortgage rate, mortgage loan, refinance mortgage, mortgage refinance, current mortgage",1.9195687863965032,0.1543964414223047,1,0.7010234095858727
19058,48088,dad1b336-8d42-49a2-9ad1-610aa46e4956,9,What is CPI?,cpi,topic #0,"talk real, talk, real person, real, person, human",1.0,-0.7651723449741985,1,0.9990772903952039
24858,62449,d4e7540d-21ad-4177-b731-f9d2ed29e987,1,Where do I get a replacement debit card,replacement debit card,topic #19,"card, debit, debit card, new, new debit, replacement",2.157586439682265,0.39241409470806704,1,0.9972288235514365
27412,68750,2ddc1876-dbff-4cea-884a-ca88cfa9a476,1,get loan balance,loan balance,topic #23,"balance, check balance, balance transfer, account balance, fee balance, fee",1.3791220469964915,-0.38605029797770696,0,0.5772255432497169
